id,nombre,departamento,latitud,longitud,poblacion
1,Bogotá,Bogotá D.C.,4.6097,-74.0817,7900000
2,Medellín,Antioquia,6.2442,-75.5812,2500000
3,Cali,Valle del Cauca,3.4516,-76.5320,2200000
4,Barranquilla,Atlántico,10.9685,-74.7813,1200000
5,Cartagena,Bolívar,10.3997,-75.5144,1000000
6,Cúcuta,Norte de Santander,7.8939,-72.5078,700000
7,Bucaramanga,Santander,7.1254,-73.1198,600000
8,Pereira,Risaralda,4.8087,-75.6906,500000
9,Santa Marta,Magdalena,11.2408,-74.1990,500000
10,Ibagué,Tolima,4.4389,-75.2322,500000
11,Manizales,Caldas,5.0700,-75.5138,400000
12,Villavicencio,Meta,4.1420,-73.6266,500000
13,Pasto,Nariño,1.2136,-77.2811,400000
14,Montería,Córdoba,8.7570,-75.8899,400000
15,Neiva,Huila,2.9273,-75.2819,350000
16,Armenia,Quindío,4.5339,-75.6811,300000
17,Valledupar,Cesar,10.4631,-73.2532,450000
18,Sincelejo,Sucre,9.3047,-75.3978,280000
19,Riohacha,La Guajira,11.5444,-72.9072,200000
20,Popayán,Cauca,2.4382,-76.6132,280000
21,Tunja,Boyacá,5.5353,-73.3678,190000
22,Florencia,Caquetá,1.6144,-75.6067,170000
23,Quibdó,Chocó,5.6947,-76.6611,130000
24,Yopal,Casanare,5.3380,-72.3943,150000
25,Mocoa,Putumayo,1.1490,-76.6467,50000
26,San Andrés,San Andrés y Providencia,12.5833,-81.7000,70000
27,Leticia,Amazonas,-4.2150,-69.9406,42000
28,Arauca,Arauca,7.0840,-70.7590,85000
29,Puerto Inírida,Guainía,3.8650,-67.9240,20000
30,San José del Guaviare,Guaviare,2.5650,-72.6380,65000
31,Mitú,Vaupés,1.1980,-70.7340,16000
32,Puerto Carreño,Vichada,6.1833,-69.3667,15000
