codigo,nombre,latitud,longitud
91,Amazonas,-4.2000,-69.9333
05,Antioquia,6.2500,-75.5667
81,Arauca,7.0833,-70.7500
08,Atlántico,10.9500,-74.8000
11,Bogotá D.C.,4.6000,-74.0833
13,Bolívar,10.4000,-75.5000
15,Boyacá,5.5333,-73.3667
17,Caldas,5.0667,-75.4833
18,Caquetá,1.6167,-75.6000
19,Cauca,2.4500,-76.6167
20,Cesar,10.4667,-73.2500
23,Córdoba,8.7500,-75.8833
25,Cundinamarca,4.6000,-74.0833
27,Chocó,5.7000,-76.6500
41,Huila,2.9333,-75.2833
44,La Guajira,11.5500,-72.9000
47,Magdalena,11.2333,-74.1833
52,Meta,4.1500,-73.6333
50,Nariño,1.2167,-77.2833
54,Norte de Santander,7.9000,-72.5000
63,Quindío,4.5333,-75.6833
66,Risaralda,4.8167,-75.7000
68,Santander,7.1333,-73.1167
70,Sucre,9.3000,-75.4000
73,Tolima,4.4333,-75.2333
76,Valle del Cauca,3.4333,-76.5167
86,Putumayo,1.1500,-76.6333
85,Casanare,5.3500,-72.4000
88,San Andrés y Providencia,12.5833,-81.7000
94,Guainía,3.8667,-67.9167
95,Guaviare,2.5667,-72.6333
97,Vaupés,1.2000,-70.7333
99,Vichada,4.6333,-69.2333
