batch-1,cmnuo2dvt003hog79tizmkm4q,DECODE_HTTP_ERROR,audio,https://mmg.whatsapp.net/v/t62.7114-24/548816174_3035381766662864_7200431546402255835_n.enc?ccb=11-4&oh=01_Q5Aa4AGZk17YZEIkdKjLBqyiB3MvB4moIN7bvgKcIxBm0bWD-w&oe=69F50B99&_nc_sid=5e03e0&mms3=true,400,decode_enc,HTTPError,{"status":400;"error":"Bad Request";"response":{"message":["Error: Failed to fetch stream from https://mmg.whatsapp.net/v/t62.7114-24/548816174_3035381766662864_7200431546402255835_n.enc?ccb=11-4&oh=01_Q5Aa4AGZk17YZEIkdK...
batch-1,cmnuo3r8m02hlog79fltunp41,DECODE_HTTP_ERROR,image,https://mmg.whatsapp.net/v/t62.7118-24/616376026_946403001585437_6045068082310770500_n.enc?ccb=11-4&oh=01_Q5Aa4AHu2QvS7QVVh9KlGqqUbeZv0Ks41f4XdIHxeVND3wQPkA&oe=69F3DE90&_nc_sid=5e03e0&mms3=true,400,decode_enc,HTTPError,{"status":400;"error":"Bad Request";"response":{"message":["Error: Failed to fetch stream from https://mmg.whatsapp.net/v/t62.7118-24/616376026_946403001585437_6045068082310770500_n.enc?ccb=11-4&oh=01_Q5Aa4AHu2QvS7QVVh9K...
batch-1,cmnuo3r7901trog79lv102rda,DECODE_HTTP_ERROR,audio,https://mmg.whatsapp.net/v/t62.7114-24/548816174_3035381766662864_7200431546402255835_n.enc?ccb=11-4&oh=01_Q5Aa4AEIjM1s6CZgRwTEomJGM5rCQjsd0OlApjbsbNxAUnnILA&oe=69F1F819&_nc_sid=5e03e0&mms3=true,400,decode_enc,HTTPError,{"status":400;"error":"Bad Request";"response":{"message":["Error: Failed to fetch stream from https://mmg.whatsapp.net/v/t62.7114-24/548816174_3035381766662864_7200431546402255835_n.enc?ccb=11-4&oh=01_Q5Aa4AEIjM1s6CZgRw...
batch-1,cmnuo3r8e02egog79gjyns1cr,DECODE_HTTP_ERROR,audio,https://mmg.whatsapp.net/v/t62.7117-24/614713392_2800791126927096_4798351881699711626_n.enc?ccb=11-4&oh=01_Q5Aa4AHbAgdBBDuFw9OsFCwDDQhUiw-f5KyPseHY5SYD7coUaw&oe=69F2697B&_nc_sid=5e03e0&mms3=true,400,decode_enc,HTTPError,{"status":400;"error":"Bad Request";"response":{"message":["Error: Failed to fetch stream from https://mmg.whatsapp.net/v/t62.7117-24/614713392_2800791126927096_4798351881699711626_n.enc?ccb=11-4&oh=01_Q5Aa4AHbAgdBBDuFw9...
batch-1,cmnuo3r9k02w0og79pe4axtb4,DECODE_HTTP_ERROR,audio,https://mmg.whatsapp.net/v/t62.7117-24/614982769_1262692595383500_4935350271146050927_n.enc?ccb=11-4&oh=01_Q5Aa4AFvYAmoeZ0JBRu_IqBR_bsgg-S7y2VxrKtQ_iyn_Vn3ew&oe=69F2811D&_nc_sid=5e03e0&mms3=true,400,decode_enc,HTTPError,{"status":400;"error":"Bad Request";"response":{"message":["Error: Failed to fetch stream from https://mmg.whatsapp.net/v/t62.7117-24/614982769_1262692595383500_4935350271146050927_n.enc?ccb=11-4&oh=01_Q5Aa4AFvYAmoeZ0JBR...
batch-1,cmnuo3r9h02upog79shh4bmda,DECODE_HTTP_ERROR,audio,https://mmg.whatsapp.net/v/t62.7117-24/549219615_972762131854207_3964880676899584449_n.enc?ccb=11-4&oh=01_Q5Aa4AE0z-EH5tf4EgJ5shSWOLQklGuygFBxwFsYAP03yWy8KA&oe=69F26DC9&_nc_sid=5e03e0&mms3=true,400,decode_enc,HTTPError,{"status":400;"error":"Bad Request";"response":{"message":["Error: Failed to fetch stream from https://mmg.whatsapp.net/v/t62.7117-24/549219615_972762131854207_3964880676899584449_n.enc?ccb=11-4&oh=01_Q5Aa4AE0z-EH5tf4EgJ...
batch-1,cmnuo3r84029nog79byyq8t6h,DECODE_HTTP_ERROR,audio,https://mmg.whatsapp.net/v/t62.7117-24/563530557_26474676235500881_8262714925636276494_n.enc?ccb=11-4&oh=01_Q5Aa4AG-cz6OXx2Ga1lxlFVw1IppLQ28POZTSV38XP87ZQCObg&oe=69F275CB&_nc_sid=5e03e0&mms3=true,400,decode_enc,HTTPError,{"status":400;"error":"Bad Request";"response":{"message":["Error: Failed to fetch stream from https://mmg.whatsapp.net/v/t62.7117-24/563530557_26474676235500881_8262714925636276494_n.enc?ccb=11-4&oh=01_Q5Aa4AG-cz6OXx2Ga...
batch-1,cmnuo3r84029oog79pk5i4o0a,DECODE_HTTP_ERROR,audio,https://mmg.whatsapp.net/v/t62.7117-24/548593515_914247011510398_2183327766616226421_n.enc?ccb=11-4&oh=01_Q5Aa4AFQAkn9kHhXN6kXjK0qpT7FgBRLMe1Fm2GyRGY26JVrww&oe=69F25AB9&_nc_sid=5e03e0&mms3=true,400,decode_enc,HTTPError,{"status":400;"error":"Bad Request";"response":{"message":["Error: Failed to fetch stream from https://mmg.whatsapp.net/v/t62.7117-24/548593515_914247011510398_2183327766616226421_n.enc?ccb=11-4&oh=01_Q5Aa4AFQAkn9kHhXN6k...
batch-1,cmnuo3r84029pog795jl7q36q,DECODE_HTTP_ERROR,audio,https://mmg.whatsapp.net/v/t62.7117-24/541605446_1437085374181592_761232863338097066_n.enc?ccb=11-4&oh=01_Q5Aa4AHwwneGLttyDhjh_3prLbgLN1cevi_r_ho_HDnxXjHZyQ&oe=69F26B4D&_nc_sid=5e03e0&mms3=true,400,decode_enc,HTTPError,{"status":400;"error":"Bad Request";"response":{"message":["Error: Failed to fetch stream from https://mmg.whatsapp.net/v/t62.7117-24/541605446_1437085374181592_761232863338097066_n.enc?ccb=11-4&oh=01_Q5Aa4AHwwneGLttyDhj...
batch-1,cmnuo3r84029qog79thbz8j5l,DECODE_HTTP_ERROR,audio,https://mmg.whatsapp.net/v/t62.7117-24/543207598_1460402002134853_2539464153433049024_n.enc?ccb=11-4&oh=01_Q5Aa4AHOJ3gGZ5r6lLxGDvq3JFtrNeHyUgNPYINF5BP3QUHXEA&oe=69F27AF5&_nc_sid=5e03e0&mms3=true,400,decode_enc,HTTPError,{"status":400;"error":"Bad Request";"response":{"message":["Error: Failed to fetch stream from https://mmg.whatsapp.net/v/t62.7117-24/543207598_1460402002134853_2539464153433049024_n.enc?ccb=11-4&oh=01_Q5Aa4AHOJ3gGZ5r6lL...
batch-1,cmnuo3r84029rog799xe09lp3,DECODE_HTTP_ERROR,audio,https://mmg.whatsapp.net/v/t62.7117-24/584701665_971155048689096_1783417445102663358_n.enc?ccb=11-4&oh=01_Q5Aa4AH9_gNDWbfIVSOoXO7uCWTPHmS0OVPl8SCwCqAn6Ok0Pw&oe=69F2828A&_nc_sid=5e03e0&mms3=true,400,decode_enc,HTTPError,{"status":400;"error":"Bad Request";"response":{"message":["Error: Failed to fetch stream from https://mmg.whatsapp.net/v/t62.7117-24/584701665_971155048689096_1783417445102663358_n.enc?ccb=11-4&oh=01_Q5Aa4AH9_gNDWbfIVSO...
batch-1,cmnuo3r8e02ehog79zwwkuems,DECODE_HTTP_ERROR,audio,https://mmg.whatsapp.net/v/t62.7117-24/612462632_1824901478184881_6271554518046986129_n.enc?ccb=11-4&oh=01_Q5Aa4AEfze1VPlnsoa_M9K3C0w3O09AOM6-WAwh53kvECahzVg&oe=69F25141&_nc_sid=5e03e0&mms3=true,400,decode_enc,HTTPError,{"status":400;"error":"Bad Request";"response":{"message":["Error: Failed to fetch stream from https://mmg.whatsapp.net/v/t62.7117-24/612462632_1824901478184881_6271554518046986129_n.enc?ccb=11-4&oh=01_Q5Aa4AEfze1VPlnsoa...
batch-1,cmnuo3r8e02eiog798pfh3mg6,DECODE_HTTP_ERROR,audio,https://mmg.whatsapp.net/v/t62.7117-24/609071605_2151936812237360_5952785150288588546_n.enc?ccb=11-4&oh=01_Q5Aa4AEx8zlYJ-3NVD6IaNgixKYKpgz9ge80qX4qa9LjzDaUtQ&oe=69F279E4&_nc_sid=5e03e0&mms3=true,400,decode_enc,HTTPError,{"status":400;"error":"Bad Request";"response":{"message":["Error: Failed to fetch stream from https://mmg.whatsapp.net/v/t62.7117-24/609071605_2151936812237360_5952785150288588546_n.enc?ccb=11-4&oh=01_Q5Aa4AEx8zlYJ-3NVD...
batch-1,cmnuo3r84029uog79oc6zv03q,DECODE_HTTP_ERROR,audio,https://mmg.whatsapp.net/v/t62.7117-24/605838579_1668854574288553_575674645445485630_n.enc?ccb=11-4&oh=01_Q5Aa4AGg3fqKQFYEdErtBRQ4K4tiYiuHL6dqucoRzduXUGAm_Q&oe=69F26C2C&_nc_sid=5e03e0&mms3=true,400,decode_enc,HTTPError,{"status":400;"error":"Bad Request";"response":{"message":["Error: Failed to fetch stream from https://mmg.whatsapp.net/v/t62.7117-24/605838579_1668854574288553_575674645445485630_n.enc?ccb=11-4&oh=01_Q5Aa4AGg3fqKQFYEdEr...
batch-1,cmnuo2dvz006eog796qmx1z2t,DECODE_HTTP_ERROR,audio,https://mmg.whatsapp.net/v/t62.7117-24/541294892_1445018374032011_2703378506914347795_n.enc?ccb=11-4&oh=01_Q5Aa4AGsfvQw1lMqT4K7Cu8ATYxkJ8N5Njwr2bbu1h_wDiG6PQ&oe=69F27240&_nc_sid=5e03e0&mms3=true,400,decode_enc,HTTPError,{"status":400;"error":"Bad Request";"response":{"message":["Error: Failed to fetch stream from https://mmg.whatsapp.net/v/t62.7117-24/541294892_1445018374032011_2703378506914347795_n.enc?ccb=11-4&oh=01_Q5Aa4AGsfvQw1lMqT4...
batch-1,cmnuo3r7m01zuog79hxefuq0w,DECODE_HTTP_ERROR,audio,https://mmg.whatsapp.net/v/t62.7117-24/613567321_2672406943134691_9040133624226815281_n.enc?ccb=11-4&oh=01_Q5Aa4AHgwcVe0RXtcOS9bZV9tZKP7JY_ZauFaRKjf5n4Wf2p4w&oe=69F24D84&_nc_sid=5e03e0&mms3=true,400,decode_enc,HTTPError,{"status":400;"error":"Bad Request";"response":{"message":["Error: Failed to fetch stream from https://mmg.whatsapp.net/v/t62.7117-24/613567321_2672406943134691_9040133624226815281_n.enc?ccb=11-4&oh=01_Q5Aa4AHgwcVe0RXtcO...
batch-1,cmnuo2dvz006fog798tlgg4xo,DECODE_HTTP_ERROR,audio,https://mmg.whatsapp.net/v/t62.7117-24/616194322_796897036823988_6332633922409392639_n.enc?ccb=11-4&oh=01_Q5Aa4AEtc7s2sqicjN82fINV-y3rYqX3FyV7UUdCYKnGgncUIg&oe=69F23C70&_nc_sid=5e03e0&mms3=true,400,decode_enc,HTTPError,{"status":400;"error":"Bad Request";"response":{"message":["Error: Failed to fetch stream from https://mmg.whatsapp.net/v/t62.7117-24/616194322_796897036823988_6332633922409392639_n.enc?ccb=11-4&oh=01_Q5Aa4AEtc7s2sqicjN8...
batch-1,cmnuo3rbd034mog79p5uhbkq1,DECODE_HTTP_ERROR,audio,https://mmg.whatsapp.net/v/t62.7117-24/606072840_948756061386882_1963669741975666539_n.enc?ccb=11-4&oh=01_Q5Aa4AHTY2_PPX5zHnHclmkA2x6VbeMlwVnkbQdYyw0NLVOn5g&oe=69F23A43&_nc_sid=5e03e0&mms3=true,400,decode_enc,HTTPError,{"status":400;"error":"Bad Request";"response":{"message":["Error: Failed to fetch stream from https://mmg.whatsapp.net/v/t62.7117-24/606072840_948756061386882_1963669741975666539_n.enc?ccb=11-4&oh=01_Q5Aa4AHTY2_PPX5zHnH...
batch-1,cmnuo3rbd034nog792em5bmvs,DECODE_HTTP_ERROR,audio,https://mmg.whatsapp.net/v/t62.7117-24/542694685_966267995861085_1582058038727890829_n.enc?ccb=11-4&oh=01_Q5Aa4AEq_sS17jnb-mTaWezJNWEVvQ8WOXM8TqyGSzEoXnpAKQ&oe=69F260B4&_nc_sid=5e03e0&mms3=true,400,decode_enc,HTTPError,{"status":400;"error":"Bad Request";"response":{"message":["Error: Failed to fetch stream from https://mmg.whatsapp.net/v/t62.7117-24/542694685_966267995861085_1582058038727890829_n.enc?ccb=11-4&oh=01_Q5Aa4AEq_sS17jnb-mT...
batch-1,cmnuo2dvz006gog79qore3ybp,DECODE_HTTP_ERROR,audio,https://mmg.whatsapp.net/v/t62.7117-24/545395343_1985905535328486_6318466403129442010_n.enc?ccb=11-4&oh=01_Q5Aa4AFHNAJaLjzpQSl-19wk4dnZwnO0BXeSoU0lyzYm_aInNg&oe=69F24AB0&_nc_sid=5e03e0&mms3=true,400,decode_enc,HTTPError,{"status":400;"error":"Bad Request";"response":{"message":["Error: Failed to fetch stream from https://mmg.whatsapp.net/v/t62.7117-24/545395343_1985905535328486_6318466403129442010_n.enc?ccb=11-4&oh=01_Q5Aa4AFHNAJaLjzpQS...
batch-1,cmnuo3rbd034xog79d4gxrr0n,DECODE_HTTP_ERROR,audio,https://mmg.whatsapp.net/v/t62.7117-24/611839955_3128307114030385_5206843827886803777_n.enc?ccb=11-4&oh=01_Q5Aa4AHpwNHJNDAbUrP0_FWc3NT5xvesaib3KeUTuTrcSc2TFw&oe=69F25D8E&_nc_sid=5e03e0&mms3=true,400,decode_enc,HTTPError,{"status":400;"error":"Bad Request";"response":{"message":["Error: Failed to fetch stream from https://mmg.whatsapp.net/v/t62.7117-24/611839955_3128307114030385_5206843827886803777_n.enc?ccb=11-4&oh=01_Q5Aa4AHpwNHJNDAbUr...
batch-1,cmnuo3rbd0351og79db9g2yqu,DECODE_HTTP_ERROR,audio,https://mmg.whatsapp.net/v/t62.7117-24/547822635_1456704293314870_784947750619182323_n.enc?ccb=11-4&oh=01_Q5Aa4AHpXmemseDmzRlaw12h-GRaZEK4nNvFZJFEHUpENKaU2A&oe=69F23C2B&_nc_sid=5e03e0&mms3=true,400,decode_enc,HTTPError,{"status":400;"error":"Bad Request";"response":{"message":["Error: Failed to fetch stream from https://mmg.whatsapp.net/v/t62.7117-24/547822635_1456704293314870_784947750619182323_n.enc?ccb=11-4&oh=01_Q5Aa4AHpXmemseDmzRl...
batch-1,cmnuo3rbd0352og79lem42drv,DECODE_HTTP_ERROR,audio,https://mmg.whatsapp.net/v/t62.7117-24/617022881_2670042833378239_6504213521797256276_n.enc?ccb=11-4&oh=01_Q5Aa4AGNFHzdDmHae3naGBgjrVCCGhMcQwaV1kHe8jCZIi7GIw&oe=69F24B06&_nc_sid=5e03e0&mms3=true,400,decode_enc,HTTPError,{"status":400;"error":"Bad Request";"response":{"message":["Error: Failed to fetch stream from https://mmg.whatsapp.net/v/t62.7117-24/617022881_2670042833378239_6504213521797256276_n.enc?ccb=11-4&oh=01_Q5Aa4AGNFHzdDmHae3...
batch-1,cmnuo3rbc034cog797s5dnfxp,DECODE_HTTP_ERROR,audio,https://mmg.whatsapp.net/v/t62.7117-24/549023405_780151238228491_4590371707683969648_n.enc?ccb=11-4&oh=01_Q5Aa4AHZ_GI5pOBIaYy0xJVI1WuColQEZVwI4-iQRMbCcD8nSQ&oe=69F23203&_nc_sid=5e03e0&mms3=true,400,decode_enc,HTTPError,{"status":400;"error":"Bad Request";"response":{"message":["Error: Failed to fetch stream from https://mmg.whatsapp.net/v/t62.7117-24/549023405_780151238228491_4590371707683969648_n.enc?ccb=11-4&oh=01_Q5Aa4AHZ_GI5pOBIaYy...
batch-1,cmnuo3r9k02w1og79erlnjfd5,DECODE_HTTP_ERROR,audio,https://mmg.whatsapp.net/v/t62.7117-24/585509442_922791327397266_7497080563177800182_n.enc?ccb=11-4&oh=01_Q5Aa4AEVW_C4FrbEcF9xXTmv-SJccwp1bNVkj0xwlqD7fUu6pA&oe=69F250C9&_nc_sid=5e03e0&mms3=true,400,decode_enc,HTTPError,{"status":400;"error":"Bad Request";"response":{"message":["Error: Failed to fetch stream from https://mmg.whatsapp.net/v/t62.7117-24/585509442_922791327397266_7497080563177800182_n.enc?ccb=11-4&oh=01_Q5Aa4AEVW_C4FrbEcF9...
batch-1,cmnuo3r84029vog79rvylurvw,DECODE_HTTP_ERROR,audio,https://mmg.whatsapp.net/v/t62.7117-24/548495797_1305126858278594_4188754340367591708_n.enc?ccb=11-4&oh=01_Q5Aa4AEeV2WNH1NweSuFiSXE1OeLXCg8rWhE9i3kvbwSl-j1fw&oe=69F246B0&_nc_sid=5e03e0&mms3=true,400,decode_enc,HTTPError,{"status":400;"error":"Bad Request";"response":{"message":["Error: Failed to fetch stream from https://mmg.whatsapp.net/v/t62.7117-24/548495797_1305126858278594_4188754340367591708_n.enc?ccb=11-4&oh=01_Q5Aa4AEeV2WNH1NweS...
batch-1,cmnuo3r84029wog79s56cr7v6,DECODE_HTTP_ERROR,audio,https://mmg.whatsapp.net/v/t62.7117-24/542822272_912080431662876_2649881717732931166_n.enc?ccb=11-4&oh=01_Q5Aa4AGbRbflS0W0dk4yXxRbSk9Bksev4klWqockEZNVwhLaCA&oe=69F22E87&_nc_sid=5e03e0&mms3=true,400,decode_enc,HTTPError,{"status":400;"error":"Bad Request";"response":{"message":["Error: Failed to fetch stream from https://mmg.whatsapp.net/v/t62.7117-24/542822272_912080431662876_2649881717732931166_n.enc?ccb=11-4&oh=01_Q5Aa4AGbRbflS0W0dk4...
batch-1,cmnuo3r84029xog79my6knl2y,DECODE_HTTP_ERROR,audio,https://mmg.whatsapp.net/v/t62.7117-24/613402499_861999043524665_9214913361073094660_n.enc?ccb=11-4&oh=01_Q5Aa4AEoUSeDRs23Y8eYe86xonOA_2yYV6xCKVL-eXaG1xEmkw&oe=69F223F1&_nc_sid=5e03e0&mms3=true,400,decode_enc,HTTPError,{"status":400;"error":"Bad Request";"response":{"message":["Error: Failed to fetch stream from https://mmg.whatsapp.net/v/t62.7117-24/613402499_861999043524665_9214913361073094660_n.enc?ccb=11-4&oh=01_Q5Aa4AEoUSeDRs23Y8e...
batch-1,cmnuo3rbc034dog79qsoh25mf,DECODE_HTTP_ERROR,audio,https://mmg.whatsapp.net/v/t62.7117-24/597022062_2270166183512222_64439804469200132_n.enc?ccb=11-4&oh=01_Q5Aa4AEG2n9ms5qOhjhvGaNJATs4lkHTzX2nTpw3hCY7_zwfoQ&oe=69F233B0&_nc_sid=5e03e0&mms3=true,400,decode_enc,HTTPError,{"status":400;"error":"Bad Request";"response":{"message":["Error: Failed to fetch stream from https://mmg.whatsapp.net/v/t62.7117-24/597022062_2270166183512222_64439804469200132_n.enc?ccb=11-4&oh=01_Q5Aa4AEG2n9ms5qOhjhv...
batch-1,cmnuo3rbc034eog7976d81s2k,DECODE_HTTP_ERROR,audio,https://mmg.whatsapp.net/v/t62.7117-24/615255663_903461126028309_375807259634002571_n.enc?ccb=11-4&oh=01_Q5Aa4AHOGOvSn6FE6edaKjrjWhKEJ1iGqfLbmeik3TRUmJuofQ&oe=69F22B9A&_nc_sid=5e03e0&mms3=true,400,decode_enc,HTTPError,{"status":400;"error":"Bad Request";"response":{"message":["Error: Failed to fetch stream from https://mmg.whatsapp.net/v/t62.7117-24/615255663_903461126028309_375807259634002571_n.enc?ccb=11-4&oh=01_Q5Aa4AHOGOvSn6FE6eda...
batch-1,cmnuo3r9802qbog79vrm1zd96,DECODE_HTTP_ERROR,audio,https://mmg.whatsapp.net/v/t62.7117-24/612768004_957192843429617_1151088919425863502_n.enc?ccb=11-4&oh=01_Q5Aa4AFzNfm6aQGgtpvAiyVUWhTQY00mB7ueN3cynO-EgEHB4w&oe=69F22DE9&_nc_sid=5e03e0&mms3=true,400,decode_enc,HTTPError,{"status":400;"error":"Bad Request";"response":{"message":["Error: Failed to fetch stream from https://mmg.whatsapp.net/v/t62.7117-24/612768004_957192843429617_1151088919425863502_n.enc?ccb=11-4&oh=01_Q5Aa4AFzNfm6aQGgtpv...
batch-1,cmnuo3rbc0347og79t74wa2t1,DECODE_HTTP_ERROR,audio,https://mmg.whatsapp.net/v/t62.7117-24/612770521_741367658944375_6943276881462170478_n.enc?ccb=11-4&oh=01_Q5Aa4AHjWXRG3CNkuAZLMIZyfaNseJO4ejHzEF4JQoebJhpO7Q&oe=69F22436&_nc_sid=5e03e0&mms3=true,400,decode_enc,HTTPError,{"status":400;"error":"Bad Request";"response":{"message":["Error: Failed to fetch stream from https://mmg.whatsapp.net/v/t62.7117-24/612770521_741367658944375_6943276881462170478_n.enc?ccb=11-4&oh=01_Q5Aa4AHjWXRG3CNkuAZ...
batch-1,cmnuo2dvt003hog79tizmkm4q,DECODE_HTTP_ERROR,audio,https://mmg.whatsapp.net/v/t62.7114-24/548816174_3035381766662864_7200431546402255835_n.enc?ccb=11-4&oh=01_Q5Aa4AGZk17YZEIkdKjLBqyiB3MvB4moIN7bvgKcIxBm0bWD-w&oe=69F50B99&_nc_sid=5e03e0&mms3=true,400,decode_enc,HTTPError,{"status":400;"error":"Bad Request";"response":{"message":["Error: Failed to fetch stream from https://mmg.whatsapp.net/v/t62.7114-24/548816174_3035381766662864_7200431546402255835_n.enc?ccb=11-4&oh=01_Q5Aa4AGZk17YZEIkdK...
batch-1,cmnuo3r8m02hlog79fltunp41,DECODE_HTTP_ERROR,image,https://mmg.whatsapp.net/v/t62.7118-24/616376026_946403001585437_6045068082310770500_n.enc?ccb=11-4&oh=01_Q5Aa4AHu2QvS7QVVh9KlGqqUbeZv0Ks41f4XdIHxeVND3wQPkA&oe=69F3DE90&_nc_sid=5e03e0&mms3=true,400,decode_enc,HTTPError,{"status":400;"error":"Bad Request";"response":{"message":["Error: Failed to fetch stream from https://mmg.whatsapp.net/v/t62.7118-24/616376026_946403001585437_6045068082310770500_n.enc?ccb=11-4&oh=01_Q5Aa4AHu2QvS7QVVh9K...
batch-1,cmnuo3r7901trog79lv102rda,DECODE_HTTP_ERROR,audio,https://mmg.whatsapp.net/v/t62.7114-24/548816174_3035381766662864_7200431546402255835_n.enc?ccb=11-4&oh=01_Q5Aa4AEIjM1s6CZgRwTEomJGM5rCQjsd0OlApjbsbNxAUnnILA&oe=69F1F819&_nc_sid=5e03e0&mms3=true,400,decode_enc,HTTPError,{"status":400;"error":"Bad Request";"response":{"message":["Error: Failed to fetch stream from https://mmg.whatsapp.net/v/t62.7114-24/548816174_3035381766662864_7200431546402255835_n.enc?ccb=11-4&oh=01_Q5Aa4AEIjM1s6CZgRw...
batch-1,cmnuo3r8e02egog79gjyns1cr,DECODE_HTTP_ERROR,audio,https://mmg.whatsapp.net/v/t62.7117-24/614713392_2800791126927096_4798351881699711626_n.enc?ccb=11-4&oh=01_Q5Aa4AHbAgdBBDuFw9OsFCwDDQhUiw-f5KyPseHY5SYD7coUaw&oe=69F2697B&_nc_sid=5e03e0&mms3=true,400,decode_enc,HTTPError,{"status":400;"error":"Bad Request";"response":{"message":["Error: Failed to fetch stream from https://mmg.whatsapp.net/v/t62.7117-24/614713392_2800791126927096_4798351881699711626_n.enc?ccb=11-4&oh=01_Q5Aa4AHbAgdBBDuFw9...
batch-1,cmnuo3r9k02w0og79pe4axtb4,DECODE_HTTP_ERROR,audio,https://mmg.whatsapp.net/v/t62.7117-24/614982769_1262692595383500_4935350271146050927_n.enc?ccb=11-4&oh=01_Q5Aa4AFvYAmoeZ0JBRu_IqBR_bsgg-S7y2VxrKtQ_iyn_Vn3ew&oe=69F2811D&_nc_sid=5e03e0&mms3=true,400,decode_enc,HTTPError,{"status":400;"error":"Bad Request";"response":{"message":["Error: Failed to fetch stream from https://mmg.whatsapp.net/v/t62.7117-24/614982769_1262692595383500_4935350271146050927_n.enc?ccb=11-4&oh=01_Q5Aa4AFvYAmoeZ0JBR...
batch-1,cmnuo3r9h02upog79shh4bmda,DECODE_HTTP_ERROR,audio,https://mmg.whatsapp.net/v/t62.7117-24/549219615_972762131854207_3964880676899584449_n.enc?ccb=11-4&oh=01_Q5Aa4AE0z-EH5tf4EgJ5shSWOLQklGuygFBxwFsYAP03yWy8KA&oe=69F26DC9&_nc_sid=5e03e0&mms3=true,400,decode_enc,HTTPError,{"status":400;"error":"Bad Request";"response":{"message":["Error: Failed to fetch stream from https://mmg.whatsapp.net/v/t62.7117-24/549219615_972762131854207_3964880676899584449_n.enc?ccb=11-4&oh=01_Q5Aa4AE0z-EH5tf4EgJ...
batch-1,cmnuo3r84029nog79byyq8t6h,DECODE_HTTP_ERROR,audio,https://mmg.whatsapp.net/v/t62.7117-24/563530557_26474676235500881_8262714925636276494_n.enc?ccb=11-4&oh=01_Q5Aa4AG-cz6OXx2Ga1lxlFVw1IppLQ28POZTSV38XP87ZQCObg&oe=69F275CB&_nc_sid=5e03e0&mms3=true,400,decode_enc,HTTPError,{"status":400;"error":"Bad Request";"response":{"message":["Error: Failed to fetch stream from https://mmg.whatsapp.net/v/t62.7117-24/563530557_26474676235500881_8262714925636276494_n.enc?ccb=11-4&oh=01_Q5Aa4AG-cz6OXx2Ga...
batch-1,cmnuo3r84029oog79pk5i4o0a,DECODE_HTTP_ERROR,audio,https://mmg.whatsapp.net/v/t62.7117-24/548593515_914247011510398_2183327766616226421_n.enc?ccb=11-4&oh=01_Q5Aa4AFQAkn9kHhXN6kXjK0qpT7FgBRLMe1Fm2GyRGY26JVrww&oe=69F25AB9&_nc_sid=5e03e0&mms3=true,400,decode_enc,HTTPError,{"status":400;"error":"Bad Request";"response":{"message":["Error: Failed to fetch stream from https://mmg.whatsapp.net/v/t62.7117-24/548593515_914247011510398_2183327766616226421_n.enc?ccb=11-4&oh=01_Q5Aa4AFQAkn9kHhXN6k...
batch-1,cmnuo3r84029pog795jl7q36q,DECODE_HTTP_ERROR,audio,https://mmg.whatsapp.net/v/t62.7117-24/541605446_1437085374181592_761232863338097066_n.enc?ccb=11-4&oh=01_Q5Aa4AHwwneGLttyDhjh_3prLbgLN1cevi_r_ho_HDnxXjHZyQ&oe=69F26B4D&_nc_sid=5e03e0&mms3=true,400,decode_enc,HTTPError,{"status":400;"error":"Bad Request";"response":{"message":["Error: Failed to fetch stream from https://mmg.whatsapp.net/v/t62.7117-24/541605446_1437085374181592_761232863338097066_n.enc?ccb=11-4&oh=01_Q5Aa4AHwwneGLttyDhj...
batch-1,cmnuo3r84029qog79thbz8j5l,DECODE_HTTP_ERROR,audio,https://mmg.whatsapp.net/v/t62.7117-24/543207598_1460402002134853_2539464153433049024_n.enc?ccb=11-4&oh=01_Q5Aa4AHOJ3gGZ5r6lLxGDvq3JFtrNeHyUgNPYINF5BP3QUHXEA&oe=69F27AF5&_nc_sid=5e03e0&mms3=true,400,decode_enc,HTTPError,{"status":400;"error":"Bad Request";"response":{"message":["Error: Failed to fetch stream from https://mmg.whatsapp.net/v/t62.7117-24/543207598_1460402002134853_2539464153433049024_n.enc?ccb=11-4&oh=01_Q5Aa4AHOJ3gGZ5r6lL...
batch-1,cmnuo3r84029rog799xe09lp3,DECODE_HTTP_ERROR,audio,https://mmg.whatsapp.net/v/t62.7117-24/584701665_971155048689096_1783417445102663358_n.enc?ccb=11-4&oh=01_Q5Aa4AH9_gNDWbfIVSOoXO7uCWTPHmS0OVPl8SCwCqAn6Ok0Pw&oe=69F2828A&_nc_sid=5e03e0&mms3=true,400,decode_enc,HTTPError,{"status":400;"error":"Bad Request";"response":{"message":["Error: Failed to fetch stream from https://mmg.whatsapp.net/v/t62.7117-24/584701665_971155048689096_1783417445102663358_n.enc?ccb=11-4&oh=01_Q5Aa4AH9_gNDWbfIVSO...
batch-1,cmnuo3r8e02ehog79zwwkuems,DECODE_HTTP_ERROR,audio,https://mmg.whatsapp.net/v/t62.7117-24/612462632_1824901478184881_6271554518046986129_n.enc?ccb=11-4&oh=01_Q5Aa4AEfze1VPlnsoa_M9K3C0w3O09AOM6-WAwh53kvECahzVg&oe=69F25141&_nc_sid=5e03e0&mms3=true,400,decode_enc,HTTPError,{"status":400;"error":"Bad Request";"response":{"message":["Error: Failed to fetch stream from https://mmg.whatsapp.net/v/t62.7117-24/612462632_1824901478184881_6271554518046986129_n.enc?ccb=11-4&oh=01_Q5Aa4AEfze1VPlnsoa...
batch-1,cmnuo3r8e02eiog798pfh3mg6,DECODE_HTTP_ERROR,audio,https://mmg.whatsapp.net/v/t62.7117-24/609071605_2151936812237360_5952785150288588546_n.enc?ccb=11-4&oh=01_Q5Aa4AEx8zlYJ-3NVD6IaNgixKYKpgz9ge80qX4qa9LjzDaUtQ&oe=69F279E4&_nc_sid=5e03e0&mms3=true,400,decode_enc,HTTPError,{"status":400;"error":"Bad Request";"response":{"message":["Error: Failed to fetch stream from https://mmg.whatsapp.net/v/t62.7117-24/609071605_2151936812237360_5952785150288588546_n.enc?ccb=11-4&oh=01_Q5Aa4AEx8zlYJ-3NVD...
batch-1,cmnuo3r84029uog79oc6zv03q,DECODE_HTTP_ERROR,audio,https://mmg.whatsapp.net/v/t62.7117-24/605838579_1668854574288553_575674645445485630_n.enc?ccb=11-4&oh=01_Q5Aa4AGg3fqKQFYEdErtBRQ4K4tiYiuHL6dqucoRzduXUGAm_Q&oe=69F26C2C&_nc_sid=5e03e0&mms3=true,400,decode_enc,HTTPError,{"status":400;"error":"Bad Request";"response":{"message":["Error: Failed to fetch stream from https://mmg.whatsapp.net/v/t62.7117-24/605838579_1668854574288553_575674645445485630_n.enc?ccb=11-4&oh=01_Q5Aa4AGg3fqKQFYEdEr...
batch-1,cmnuo2dvz006eog796qmx1z2t,DECODE_HTTP_ERROR,audio,https://mmg.whatsapp.net/v/t62.7117-24/541294892_1445018374032011_2703378506914347795_n.enc?ccb=11-4&oh=01_Q5Aa4AGsfvQw1lMqT4K7Cu8ATYxkJ8N5Njwr2bbu1h_wDiG6PQ&oe=69F27240&_nc_sid=5e03e0&mms3=true,400,decode_enc,HTTPError,{"status":400;"error":"Bad Request";"response":{"message":["Error: Failed to fetch stream from https://mmg.whatsapp.net/v/t62.7117-24/541294892_1445018374032011_2703378506914347795_n.enc?ccb=11-4&oh=01_Q5Aa4AGsfvQw1lMqT4...
batch-1,cmnuo3r7m01zuog79hxefuq0w,DECODE_HTTP_ERROR,audio,https://mmg.whatsapp.net/v/t62.7117-24/613567321_2672406943134691_9040133624226815281_n.enc?ccb=11-4&oh=01_Q5Aa4AHgwcVe0RXtcOS9bZV9tZKP7JY_ZauFaRKjf5n4Wf2p4w&oe=69F24D84&_nc_sid=5e03e0&mms3=true,400,decode_enc,HTTPError,{"status":400;"error":"Bad Request";"response":{"message":["Error: Failed to fetch stream from https://mmg.whatsapp.net/v/t62.7117-24/613567321_2672406943134691_9040133624226815281_n.enc?ccb=11-4&oh=01_Q5Aa4AHgwcVe0RXtcO...
batch-1,cmnuo3rbc0348og79eiuqdl60,DECODE_HTTP_ERROR,audio,https://mmg.whatsapp.net/v/t62.7117-24/550064723_1259679222969060_3764784267419472412_n.enc?ccb=11-4&oh=01_Q5Aa4AFgw6BnpbQNn7WYmHQETFDaba56_4BQub4QAGgue7ON9A&oe=69F223D5&_nc_sid=5e03e0&mms3=true,400,decode_enc,HTTPError,{"status":400;"error":"Bad Request";"response":{"message":["Error: Failed to fetch stream from https://mmg.whatsapp.net/v/t62.7117-24/550064723_1259679222969060_3764784267419472412_n.enc?ccb=11-4&oh=01_Q5Aa4AFgw6BnpbQNn7...
batch-1,cmnuo3rbc0349og79qrtyxig2,DECODE_HTTP_ERROR,audio,https://mmg.whatsapp.net/v/t62.7117-24/544605850_829483520202139_2657894730720359176_n.enc?ccb=11-4&oh=01_Q5Aa4AGXIf3pDYFCvkaivf-GqtRRiu_SxYIWu_VmL_HI8Szr6w&oe=69F217C6&_nc_sid=5e03e0&mms3=true,400,decode_enc,HTTPError,{"status":400;"error":"Bad Request";"response":{"message":["Error: Failed to fetch stream from https://mmg.whatsapp.net/v/t62.7117-24/544605850_829483520202139_2657894730720359176_n.enc?ccb=11-4&oh=01_Q5Aa4AGXIf3pDYFCvka...
batch-1,cmnuo3rbc034fog798edvas1o,DECODE_HTTP_ERROR,audio,https://mmg.whatsapp.net/v/t62.7117-24/546475724_825938760594443_4387064247784173830_n.enc?ccb=11-4&oh=01_Q5Aa4AGOejEDkcu9_mDC498AAQPJzL4-v7Mny17Uo6ySzd80nQ&oe=69F22357&_nc_sid=5e03e0&mms3=true,400,decode_enc,HTTPError,{"status":400;"error":"Bad Request";"response":{"message":["Error: Failed to fetch stream from https://mmg.whatsapp.net/v/t62.7117-24/546475724_825938760594443_4387064247784173830_n.enc?ccb=11-4&oh=01_Q5Aa4AGOejEDkcu9_mD...
batch-1,cmnuo3rbc034aog79ds34jg37,DECODE_HTTP_ERROR,audio,https://mmg.whatsapp.net/v/t62.7117-24/613372965_1090416796623236_4150572950169833131_n.enc?ccb=11-4&oh=01_Q5Aa4AGHt0m98rZcczoRwkWDh01nA2k47hQheC5PAkjBm75OLQ&oe=69F20A97&_nc_sid=5e03e0&mms3=true,400,decode_enc,HTTPError,{"status":400;"error":"Bad Request";"response":{"message":["Error: Failed to fetch stream from https://mmg.whatsapp.net/v/t62.7117-24/613372965_1090416796623236_4150572950169833131_n.enc?ccb=11-4&oh=01_Q5Aa4AGHt0m98rZccz...
batch-1,cmnuo3rbd034oog791wbdlncx,DECODE_HTTP_ERROR,audio,https://mmg.whatsapp.net/v/t62.7117-24/614737642_936831278756341_4074590287467802457_n.enc?ccb=11-4&oh=01_Q5Aa4AFj06C5utZnuOnGQ2jSrp6n8XmNgVSMWZmc6OiTvomkUQ&oe=69F2245A&_nc_sid=5e03e0&mms3=true,400,decode_enc,HTTPError,{"status":400;"error":"Bad Request";"response":{"message":["Error: Failed to fetch stream from https://mmg.whatsapp.net/v/t62.7117-24/614737642_936831278756341_4074590287467802457_n.enc?ccb=11-4&oh=01_Q5Aa4AFj06C5utZnuOn...
batch-1,cmnuo3r9802qcog79s305rj87,DECODE_HTTP_ERROR,audio,https://mmg.whatsapp.net/v/t62.7117-24/550088136_1632090647707859_5968573016497145852_n.enc?ccb=11-4&oh=01_Q5Aa4AG_5lqEWnziZdk8IOS7jgPza4kI5b8GCdCYZ5l9BxtSxA&oe=69F20040&_nc_sid=5e03e0&mms3=true,400,decode_enc,HTTPError,{"status":400;"error":"Bad Request";"response":{"message":["Error: Failed to fetch stream from https://mmg.whatsapp.net/v/t62.7117-24/550088136_1632090647707859_5968573016497145852_n.enc?ccb=11-4&oh=01_Q5Aa4AG_5lqEWnziZd...
batch-1,cmnuo3rbc034gog798nbgjyry,DECODE_HTTP_ERROR,audio,https://mmg.whatsapp.net/v/t62.7117-24/594440801_1692014181807442_4128240035384628292_n.enc?ccb=11-4&oh=01_Q5Aa4AEzlSNlUC1abJg3zKP_bo0ztyD_ZSbzc-sGVvKl7O6ctg&oe=69F208C9&_nc_sid=5e03e0&mms3=true,400,decode_enc,HTTPError,{"status":400;"error":"Bad Request";"response":{"message":["Error: Failed to fetch stream from https://mmg.whatsapp.net/v/t62.7117-24/594440801_1692014181807442_4128240035384628292_n.enc?ccb=11-4&oh=01_Q5Aa4AEzlSNlUC1abJ...
batch-1,cmnuo3rbc034hog79cfpc6ofm,DECODE_HTTP_ERROR,audio,https://mmg.whatsapp.net/v/t62.7117-24/545076709_5271498533075891_3926182345277600525_n.enc?ccb=11-4&oh=01_Q5Aa4AEl3eUhxCyYXMYrrOuG6cXWv8rpoyhXxS_1Lnwrp_MQ9g&oe=69F21845&_nc_sid=5e03e0&mms3=true,400,decode_enc,HTTPError,{"status":400;"error":"Bad Request";"response":{"message":["Error: Failed to fetch stream from https://mmg.whatsapp.net/v/t62.7117-24/545076709_5271498533075891_3926182345277600525_n.enc?ccb=11-4&oh=01_Q5Aa4AEl3eUhxCyYXM...
batch-1,cmnuo3rbd034iog79i9ksanq5,DECODE_HTTP_ERROR,audio,https://mmg.whatsapp.net/v/t62.7117-24/544084354_1258298413114107_2329391999346058994_n.enc?ccb=11-4&oh=01_Q5Aa4AFzak5-u-HZT05aj89rvdjlPUPpz_z4iOklf5TwLzggig&oe=69F225E2&_nc_sid=5e03e0&mms3=true,400,decode_enc,HTTPError,{"status":400;"error":"Bad Request";"response":{"message":["Error: Failed to fetch stream from https://mmg.whatsapp.net/v/t62.7117-24/544084354_1258298413114107_2329391999346058994_n.enc?ccb=11-4&oh=01_Q5Aa4AFzak5-u-HZT0...
batch-1,cmnuo3rbd034jog79sukv048u,DECODE_HTTP_ERROR,audio,https://mmg.whatsapp.net/v/t62.7117-24/614652779_1372955508185342_5908110860610734545_n.enc?ccb=11-4&oh=01_Q5Aa4AErvETyUdIw7obBIH1xHWZl57NQliKrf6F_yXLfX0mNvg&oe=69F1FB0C&_nc_sid=5e03e0&mms3=true,400,decode_enc,HTTPError,{"status":400;"error":"Bad Request";"response":{"message":["Error: Failed to fetch stream from https://mmg.whatsapp.net/v/t62.7117-24/614652779_1372955508185342_5908110860610734545_n.enc?ccb=11-4&oh=01_Q5Aa4AErvETyUdIw7o...
batch-1,cmnuo3rbd034kog790jlervgl,DECODE_HTTP_ERROR,audio,https://mmg.whatsapp.net/v/t62.7117-24/596628985_1716542272670307_4858351648328198956_n.enc?ccb=11-4&oh=01_Q5Aa4AFPk1FntzA5ABU2HuPyjCyxjqzXGnwhk0tXjUomLQh03Q&oe=69F1F301&_nc_sid=5e03e0&mms3=true,400,decode_enc,HTTPError,{"status":400;"error":"Bad Request";"response":{"message":["Error: Failed to fetch stream from https://mmg.whatsapp.net/v/t62.7117-24/596628985_1716542272670307_4858351648328198956_n.enc?ccb=11-4&oh=01_Q5Aa4AFPk1FntzA5AB...
batch-1,cmnuo3rbd034log79e4tiw1gh,DECODE_HTTP_ERROR,audio,https://mmg.whatsapp.net/v/t62.7117-24/545418125_931872663225191_6100617451913204991_n.enc?ccb=11-4&oh=01_Q5Aa4AEKPpvI7ttfMLz6Uopw62iDAWUDPk_6ezyXrzdPvejXLw&oe=69F20F4D&_nc_sid=5e03e0&mms3=true,400,decode_enc,HTTPError,{"status":400;"error":"Bad Request";"response":{"message":["Error: Failed to fetch stream from https://mmg.whatsapp.net/v/t62.7117-24/545418125_931872663225191_6100617451913204991_n.enc?ccb=11-4&oh=01_Q5Aa4AEKPpvI7ttfMLz...
batch-1,cmnuo3rbc034bog79ct7bx5pu,DECODE_HTTP_ERROR,audio,https://mmg.whatsapp.net/v/t62.7117-24/584909881_1516070836763391_6494922373649637411_n.enc?ccb=11-4&oh=01_Q5Aa4AE-Y7XvkIUAtH3TtKaezOviO4LjMVBA0lK6eKtXHtUoCw&oe=69F20399&_nc_sid=5e03e0&mms3=true,400,decode_enc,HTTPError,{"status":400;"error":"Bad Request";"response":{"message":["Error: Failed to fetch stream from https://mmg.whatsapp.net/v/t62.7117-24/584909881_1516070836763391_6494922373649637411_n.enc?ccb=11-4&oh=01_Q5Aa4AE-Y7XvkIUAtH...
batch-1,cmnuo3rbd034pog79ynxczoei,DECODE_HTTP_ERROR,audio,https://mmg.whatsapp.net/v/t62.7117-24/550281496_1420680529273353_5678812370517449315_n.enc?ccb=11-4&oh=01_Q5Aa4AGjLcpmiu4FMBh6LAiv07oZ7kHs93butk_iFO8E1a26uA&oe=69F1F7DC&_nc_sid=5e03e0&mms3=true,400,decode_enc,HTTPError,{"status":400;"error":"Bad Request";"response":{"message":["Error: Failed to fetch stream from https://mmg.whatsapp.net/v/t62.7117-24/550281496_1420680529273353_5678812370517449315_n.enc?ccb=11-4&oh=01_Q5Aa4AGjLcpmiu4FMB...
batch-1,cmnuo3rbd034qog79nd5rpp1s,DECODE_HTTP_ERROR,audio,https://mmg.whatsapp.net/v/t62.7117-24/546299638_1271975797759412_88105304637016411_n.enc?ccb=11-4&oh=01_Q5Aa4AEyTiDxCoGd_XjF48l-B8SEfKyoeU-o-Yv6s0xLjUbHQw&oe=69F1FF0A&_nc_sid=5e03e0&mms3=true,400,decode_enc,HTTPError,{"status":400;"error":"Bad Request";"response":{"message":["Error: Failed to fetch stream from https://mmg.whatsapp.net/v/t62.7117-24/546299638_1271975797759412_88105304637016411_n.enc?ccb=11-4&oh=01_Q5Aa4AEyTiDxCoGd_XjF...
batch-1,cmnuo3r7a01u5og79q89yd2z1,DECODE_HTTP_ERROR,audio,https://mmg.whatsapp.net/v/t62.7117-24/596593587_2035396000745649_3100823200107477855_n.enc?ccb=11-4&oh=01_Q5Aa4AHue4J_iIwt9SPoEVH3Jf0VhsNaKs5zBT9rQRCcdBIImA&oe=69F21801&_nc_sid=5e03e0&mms3=true,400,decode_enc,HTTPError,{"status":400;"error":"Bad Request";"response":{"message":["Error: Failed to fetch stream from https://mmg.whatsapp.net/v/t62.7117-24/596593587_2035396000745649_3100823200107477855_n.enc?ccb=11-4&oh=01_Q5Aa4AHue4J_iIwt9S...
batch-1,cmnuo2dvz006fog798tlgg4xo,DECODE_HTTP_ERROR,audio,https://mmg.whatsapp.net/v/t62.7117-24/616194322_796897036823988_6332633922409392639_n.enc?ccb=11-4&oh=01_Q5Aa4AEtc7s2sqicjN82fINV-y3rYqX3FyV7UUdCYKnGgncUIg&oe=69F23C70&_nc_sid=5e03e0&mms3=true,400,decode_enc,HTTPError,{"status":400;"error":"Bad Request";"response":{"message":["Error: Failed to fetch stream from https://mmg.whatsapp.net/v/t62.7117-24/616194322_796897036823988_6332633922409392639_n.enc?ccb=11-4&oh=01_Q5Aa4AEtc7s2sqicjN8...
batch-1,cmnuo3rbd034mog79p5uhbkq1,DECODE_HTTP_ERROR,audio,https://mmg.whatsapp.net/v/t62.7117-24/606072840_948756061386882_1963669741975666539_n.enc?ccb=11-4&oh=01_Q5Aa4AHTY2_PPX5zHnHclmkA2x6VbeMlwVnkbQdYyw0NLVOn5g&oe=69F23A43&_nc_sid=5e03e0&mms3=true,400,decode_enc,HTTPError,{"status":400;"error":"Bad Request";"response":{"message":["Error: Failed to fetch stream from https://mmg.whatsapp.net/v/t62.7117-24/606072840_948756061386882_1963669741975666539_n.enc?ccb=11-4&oh=01_Q5Aa4AHTY2_PPX5zHnH...
batch-1,cmnuo3rbd034nog792em5bmvs,DECODE_HTTP_ERROR,audio,https://mmg.whatsapp.net/v/t62.7117-24/542694685_966267995861085_1582058038727890829_n.enc?ccb=11-4&oh=01_Q5Aa4AEq_sS17jnb-mTaWezJNWEVvQ8WOXM8TqyGSzEoXnpAKQ&oe=69F260B4&_nc_sid=5e03e0&mms3=true,400,decode_enc,HTTPError,{"status":400;"error":"Bad Request";"response":{"message":["Error: Failed to fetch stream from https://mmg.whatsapp.net/v/t62.7117-24/542694685_966267995861085_1582058038727890829_n.enc?ccb=11-4&oh=01_Q5Aa4AEq_sS17jnb-mT...
batch-1,cmnuo2dvz006gog79qore3ybp,DECODE_HTTP_ERROR,audio,https://mmg.whatsapp.net/v/t62.7117-24/545395343_1985905535328486_6318466403129442010_n.enc?ccb=11-4&oh=01_Q5Aa4AFHNAJaLjzpQSl-19wk4dnZwnO0BXeSoU0lyzYm_aInNg&oe=69F24AB0&_nc_sid=5e03e0&mms3=true,400,decode_enc,HTTPError,{"status":400;"error":"Bad Request";"response":{"message":["Error: Failed to fetch stream from https://mmg.whatsapp.net/v/t62.7117-24/545395343_1985905535328486_6318466403129442010_n.enc?ccb=11-4&oh=01_Q5Aa4AFHNAJaLjzpQS...
batch-1,cmnuo3rbd034xog79d4gxrr0n,DECODE_HTTP_ERROR,audio,https://mmg.whatsapp.net/v/t62.7117-24/611839955_3128307114030385_5206843827886803777_n.enc?ccb=11-4&oh=01_Q5Aa4AHpwNHJNDAbUrP0_FWc3NT5xvesaib3KeUTuTrcSc2TFw&oe=69F25D8E&_nc_sid=5e03e0&mms3=true,400,decode_enc,HTTPError,{"status":400;"error":"Bad Request";"response":{"message":["Error: Failed to fetch stream from https://mmg.whatsapp.net/v/t62.7117-24/611839955_3128307114030385_5206843827886803777_n.enc?ccb=11-4&oh=01_Q5Aa4AHpwNHJNDAbUr...
batch-1,cmnuo3rbd0351og79db9g2yqu,DECODE_HTTP_ERROR,audio,https://mmg.whatsapp.net/v/t62.7117-24/547822635_1456704293314870_784947750619182323_n.enc?ccb=11-4&oh=01_Q5Aa4AHpXmemseDmzRlaw12h-GRaZEK4nNvFZJFEHUpENKaU2A&oe=69F23C2B&_nc_sid=5e03e0&mms3=true,400,decode_enc,HTTPError,{"status":400;"error":"Bad Request";"response":{"message":["Error: Failed to fetch stream from https://mmg.whatsapp.net/v/t62.7117-24/547822635_1456704293314870_784947750619182323_n.enc?ccb=11-4&oh=01_Q5Aa4AHpXmemseDmzRl...
batch-1,cmnuo3rbd0352og79lem42drv,DECODE_HTTP_ERROR,audio,https://mmg.whatsapp.net/v/t62.7117-24/617022881_2670042833378239_6504213521797256276_n.enc?ccb=11-4&oh=01_Q5Aa4AGNFHzdDmHae3naGBgjrVCCGhMcQwaV1kHe8jCZIi7GIw&oe=69F24B06&_nc_sid=5e03e0&mms3=true,400,decode_enc,HTTPError,{"status":400;"error":"Bad Request";"response":{"message":["Error: Failed to fetch stream from https://mmg.whatsapp.net/v/t62.7117-24/617022881_2670042833378239_6504213521797256276_n.enc?ccb=11-4&oh=01_Q5Aa4AGNFHzdDmHae3...
batch-1,cmnuo3rbc034cog797s5dnfxp,DECODE_HTTP_ERROR,audio,https://mmg.whatsapp.net/v/t62.7117-24/549023405_780151238228491_4590371707683969648_n.enc?ccb=11-4&oh=01_Q5Aa4AHZ_GI5pOBIaYy0xJVI1WuColQEZVwI4-iQRMbCcD8nSQ&oe=69F23203&_nc_sid=5e03e0&mms3=true,400,decode_enc,HTTPError,{"status":400;"error":"Bad Request";"response":{"message":["Error: Failed to fetch stream from https://mmg.whatsapp.net/v/t62.7117-24/549023405_780151238228491_4590371707683969648_n.enc?ccb=11-4&oh=01_Q5Aa4AHZ_GI5pOBIaYy...
batch-1,cmnuo3r9k02w1og79erlnjfd5,DECODE_HTTP_ERROR,audio,https://mmg.whatsapp.net/v/t62.7117-24/585509442_922791327397266_7497080563177800182_n.enc?ccb=11-4&oh=01_Q5Aa4AEVW_C4FrbEcF9xXTmv-SJccwp1bNVkj0xwlqD7fUu6pA&oe=69F250C9&_nc_sid=5e03e0&mms3=true,400,decode_enc,HTTPError,{"status":400;"error":"Bad Request";"response":{"message":["Error: Failed to fetch stream from https://mmg.whatsapp.net/v/t62.7117-24/585509442_922791327397266_7497080563177800182_n.enc?ccb=11-4&oh=01_Q5Aa4AEVW_C4FrbEcF9...
batch-1,cmnuo3r84029vog79rvylurvw,DECODE_HTTP_ERROR,audio,https://mmg.whatsapp.net/v/t62.7117-24/548495797_1305126858278594_4188754340367591708_n.enc?ccb=11-4&oh=01_Q5Aa4AEeV2WNH1NweSuFiSXE1OeLXCg8rWhE9i3kvbwSl-j1fw&oe=69F246B0&_nc_sid=5e03e0&mms3=true,400,decode_enc,HTTPError,{"status":400;"error":"Bad Request";"response":{"message":["Error: Failed to fetch stream from https://mmg.whatsapp.net/v/t62.7117-24/548495797_1305126858278594_4188754340367591708_n.enc?ccb=11-4&oh=01_Q5Aa4AEeV2WNH1NweS...
batch-1,cmnuo3r84029wog79s56cr7v6,DECODE_HTTP_ERROR,audio,https://mmg.whatsapp.net/v/t62.7117-24/542822272_912080431662876_2649881717732931166_n.enc?ccb=11-4&oh=01_Q5Aa4AGbRbflS0W0dk4yXxRbSk9Bksev4klWqockEZNVwhLaCA&oe=69F22E87&_nc_sid=5e03e0&mms3=true,400,decode_enc,HTTPError,{"status":400;"error":"Bad Request";"response":{"message":["Error: Failed to fetch stream from https://mmg.whatsapp.net/v/t62.7117-24/542822272_912080431662876_2649881717732931166_n.enc?ccb=11-4&oh=01_Q5Aa4AGbRbflS0W0dk4...
batch-1,cmnuo3r84029xog79my6knl2y,DECODE_HTTP_ERROR,audio,https://mmg.whatsapp.net/v/t62.7117-24/613402499_861999043524665_9214913361073094660_n.enc?ccb=11-4&oh=01_Q5Aa4AEoUSeDRs23Y8eYe86xonOA_2yYV6xCKVL-eXaG1xEmkw&oe=69F223F1&_nc_sid=5e03e0&mms3=true,400,decode_enc,HTTPError,{"status":400;"error":"Bad Request";"response":{"message":["Error: Failed to fetch stream from https://mmg.whatsapp.net/v/t62.7117-24/613402499_861999043524665_9214913361073094660_n.enc?ccb=11-4&oh=01_Q5Aa4AEoUSeDRs23Y8e...
batch-1,cmnuo3rbc034dog79qsoh25mf,DECODE_HTTP_ERROR,audio,https://mmg.whatsapp.net/v/t62.7117-24/597022062_2270166183512222_64439804469200132_n.enc?ccb=11-4&oh=01_Q5Aa4AEG2n9ms5qOhjhvGaNJATs4lkHTzX2nTpw3hCY7_zwfoQ&oe=69F233B0&_nc_sid=5e03e0&mms3=true,400,decode_enc,HTTPError,{"status":400;"error":"Bad Request";"response":{"message":["Error: Failed to fetch stream from https://mmg.whatsapp.net/v/t62.7117-24/597022062_2270166183512222_64439804469200132_n.enc?ccb=11-4&oh=01_Q5Aa4AEG2n9ms5qOhjhv...
batch-1,cmnuo3rbc034eog7976d81s2k,DECODE_HTTP_ERROR,audio,https://mmg.whatsapp.net/v/t62.7117-24/615255663_903461126028309_375807259634002571_n.enc?ccb=11-4&oh=01_Q5Aa4AHOGOvSn6FE6edaKjrjWhKEJ1iGqfLbmeik3TRUmJuofQ&oe=69F22B9A&_nc_sid=5e03e0&mms3=true,400,decode_enc,HTTPError,{"status":400;"error":"Bad Request";"response":{"message":["Error: Failed to fetch stream from https://mmg.whatsapp.net/v/t62.7117-24/615255663_903461126028309_375807259634002571_n.enc?ccb=11-4&oh=01_Q5Aa4AHOGOvSn6FE6eda...
batch-1,cmnuo3r9802qbog79vrm1zd96,DECODE_HTTP_ERROR,audio,https://mmg.whatsapp.net/v/t62.7117-24/612768004_957192843429617_1151088919425863502_n.enc?ccb=11-4&oh=01_Q5Aa4AFzNfm6aQGgtpvAiyVUWhTQY00mB7ueN3cynO-EgEHB4w&oe=69F22DE9&_nc_sid=5e03e0&mms3=true,400,decode_enc,HTTPError,{"status":400;"error":"Bad Request";"response":{"message":["Error: Failed to fetch stream from https://mmg.whatsapp.net/v/t62.7117-24/612768004_957192843429617_1151088919425863502_n.enc?ccb=11-4&oh=01_Q5Aa4AFzNfm6aQGgtpv...
batch-1,cmnuo3rbc0347og79t74wa2t1,DECODE_HTTP_ERROR,audio,https://mmg.whatsapp.net/v/t62.7117-24/612770521_741367658944375_6943276881462170478_n.enc?ccb=11-4&oh=01_Q5Aa4AHjWXRG3CNkuAZLMIZyfaNseJO4ejHzEF4JQoebJhpO7Q&oe=69F22436&_nc_sid=5e03e0&mms3=true,400,decode_enc,HTTPError,{"status":400;"error":"Bad Request";"response":{"message":["Error: Failed to fetch stream from https://mmg.whatsapp.net/v/t62.7117-24/612770521_741367658944375_6943276881462170478_n.enc?ccb=11-4&oh=01_Q5Aa4AHjWXRG3CNkuAZ...
batch-1,cmnuo3r84029yog798su6bkrx,DECODE_HTTP_ERROR,audio,https://mmg.whatsapp.net/v/t62.7117-24/614736858_1322941262980377_6214164718726146180_n.enc?ccb=11-4&oh=01_Q5Aa4AFpbxtk9NIalyCP2oIpwjKQoShspkBqDoaDE9l71hQqzQ&oe=69F2113C&_nc_sid=5e03e0&mms3=true,400,decode_enc,HTTPError,{"status":400;"error":"Bad Request";"response":{"message":["Error: Failed to fetch stream from https://mmg.whatsapp.net/v/t62.7117-24/614736858_1322941262980377_6214164718726146180_n.enc?ccb=11-4&oh=01_Q5Aa4AFpbxtk9NIaly...
batch-1,cmnuo3r84029zog794ij6dvx1,DECODE_HTTP_ERROR,audio,https://mmg.whatsapp.net/v/t62.7117-24/612835838_2003556037250455_7825939477817096384_n.enc?ccb=11-4&oh=01_Q5Aa4AF76vK7Nb1gVq-xdOU2d-ob5M7yXRAuLbW--lp5FTFL7g&oe=69F2192B&_nc_sid=5e03e0&mms3=true,400,decode_enc,HTTPError,{"status":400;"error":"Bad Request";"response":{"message":["Error: Failed to fetch stream from https://mmg.whatsapp.net/v/t62.7117-24/612835838_2003556037250455_7825939477817096384_n.enc?ccb=11-4&oh=01_Q5Aa4AF76vK7Nb1gVq...
batch-1,cmnuo3r8402a0og798qunljto,DECODE_HTTP_ERROR,audio,https://mmg.whatsapp.net/v/t62.7117-24/613995885_874692935596846_238036848550583278_n.enc?ccb=11-4&oh=01_Q5Aa4AF53GOeqbIDEGYTLqfZumNEK7jf_kICG96jptg6D9WVCQ&oe=69F21F94&_nc_sid=5e03e0&mms3=true,400,decode_enc,HTTPError,{"status":400;"error":"Bad Request";"response":{"message":["Error: Failed to fetch stream from https://mmg.whatsapp.net/v/t62.7117-24/613995885_874692935596846_238036848550583278_n.enc?ccb=11-4&oh=01_Q5Aa4AF53GOeqbIDEGYT...
batch-1,cmnuo3r7401rdog79chg29f6u,DECODE_HTTP_ERROR,image,https://mmg.whatsapp.net/v/t62.7118-24/605898072_1016840881517826_2925726801568679399_n.enc?ccb=11-4&oh=01_Q5Aa4AEEwfI5EfqfQXjXlLngoYmkFp0QPgsJM0IYzuwrGquSUQ&oe=69F20827&_nc_sid=5e03e0&mms3=true,400,decode_enc,HTTPError,{"status":400;"error":"Bad Request";"response":{"message":["Error: Failed to fetch stream from https://mmg.whatsapp.net/v/t62.7118-24/605898072_1016840881517826_2925726801568679399_n.enc?ccb=11-4&oh=01_Q5Aa4AEEwfI5EfqfQX...
batch-1,cmnuo3r7401rfog79p1g7esn5,DECODE_HTTP_ERROR,image,https://mmg.whatsapp.net/v/t62.7118-24/545518193_1923224661673613_6006659212753070071_n.enc?ccb=11-4&oh=01_Q5Aa4AFKxiNJ6isYzenDn3jM9D2Q-gwShbyF7iMi6NzQDqT-Lg&oe=69F2083B&_nc_sid=5e03e0&mms3=true,400,decode_enc,HTTPError,{"status":400;"error":"Bad Request";"response":{"message":["Error: Failed to fetch stream from https://mmg.whatsapp.net/v/t62.7118-24/545518193_1923224661673613_6006659212753070071_n.enc?ccb=11-4&oh=01_Q5Aa4AFKxiNJ6isYze...
batch-1,cmnuo3r7901ttog79lldehyjf,DECODE_HTTP_ERROR,audio,https://mmg.whatsapp.net/v/t62.7114-24/548816174_3035381766662864_7200431546402255835_n.enc?ccb=11-4&oh=01_Q5Aa4AEIjM1s6CZgRwTEomJGM5rCQjsd0OlApjbsbNxAUnnILA&oe=69F1F819&_nc_sid=5e03e0&mms3=true,400,decode_enc,HTTPError,{"status":400;"error":"Bad Request";"response":{"message":["Error: Failed to fetch stream from https://mmg.whatsapp.net/v/t62.7114-24/548816174_3035381766662864_7200431546402255835_n.enc?ccb=11-4&oh=01_Q5Aa4AEIjM1s6CZgRw...
batch-1,cmnuo3r8502a1og79syvb8sje,DECODE_HTTP_ERROR,image,https://mmg.whatsapp.net/v/t62.7118-24/543098981_26442097558719686_8045709845933228978_n.enc?ccb=11-4&oh=01_Q5Aa4AE7kBP2T9rHkkzcyeRxkbJT3Gn45pMEQvbRr7DefIGWYg&oe=69F212D8&_nc_sid=5e03e0&mms3=true,400,decode_enc,HTTPError,{"status":400;"error":"Bad Request";"response":{"message":["Error: Failed to fetch stream from https://mmg.whatsapp.net/v/t62.7118-24/543098981_26442097558719686_8045709845933228978_n.enc?ccb=11-4&oh=01_Q5Aa4AE7kBP2T9rHk...
batch-1,cmnuo3r8502a2og79k0xf343r,DECODE_HTTP_ERROR,image,https://mmg.whatsapp.net/v/t62.7118-24/549579490_935810612651863_7066781767028485470_n.enc?ccb=11-4&oh=01_Q5Aa4AGpkfwOwjF0WA8yJTishRXeb3NNpA2USmp-y3O_U_QKsw&oe=69F1FBC7&_nc_sid=5e03e0&mms3=true,400,decode_enc,HTTPError,{"status":400;"error":"Bad Request";"response":{"message":["Error: Failed to fetch stream from https://mmg.whatsapp.net/v/t62.7118-24/549579490_935810612651863_7066781767028485470_n.enc?ccb=11-4&oh=01_Q5Aa4AGpkfwOwjF0WA8...
batch-1,cmnuo3r7m01zvog79zqq2mwre,DECODE_HTTP_ERROR,audio,https://mmg.whatsapp.net/v/t62.7117-24/584974740_849473170885737_1977639518883246123_n.enc?ccb=11-4&oh=01_Q5Aa4AGE89AZjSQj_W1F_hYi-s7ju_4xiIObt_8WFvLiFjPUeQ&oe=69F1E8CC&_nc_sid=5e03e0&mms3=true,400,decode_enc,HTTPError,{"status":400;"error":"Bad Request";"response":{"message":["Error: Failed to fetch stream from https://mmg.whatsapp.net/v/t62.7117-24/584974740_849473170885737_1977639518883246123_n.enc?ccb=11-4&oh=01_Q5Aa4AGE89AZjSQj_W1...
batch-1,cmnuo3r9c02s1og796fo15nvl,DECODE_HTTP_ERROR,image,https://mmg.whatsapp.net/v/t62.7118-24/614143983_1137393561813723_8096095980280998770_n.enc?ccb=11-4&oh=01_Q5Aa4AHhuijGRpWHK2VdqsAPpEM8mC7l_PnvXNlBQCOVkAbNRA&oe=69F1F065&_nc_sid=5e03e0&mms3=true,400,decode_enc,HTTPError,{"status":400;"error":"Bad Request";"response":{"message":["Error: Failed to fetch stream from https://mmg.whatsapp.net/v/t62.7118-24/614143983_1137393561813723_8096095980280998770_n.enc?ccb=11-4&oh=01_Q5Aa4AHhuijGRpWHK2...
batch-1,cmnuo3r9o02yfog793x8wkhzj,DECODE_HTTP_ERROR,audio,https://mmg.whatsapp.net/v/t62.7117-24/612011367_4460919120820301_1821439429019330390_n.enc?ccb=11-4&oh=01_Q5Aa4AHcCLusJs2T2pFrDuBetvTCCCHT9fzULG8aVWNxIWURrQ&oe=69F1C2C4&_nc_sid=5e03e0&mms3=true,400,decode_enc,HTTPError,{"status":400;"error":"Bad Request";"response":{"message":["Error: Failed to fetch stream from https://mmg.whatsapp.net/v/t62.7117-24/612011367_4460919120820301_1821439429019330390_n.enc?ccb=11-4&oh=01_Q5Aa4AHcCLusJs2T2p...
batch-1,cmnuo3r7u0241og797n0f04lx,DECODE_HTTP_ERROR,audio,https://mmg.whatsapp.net/v/t62.7117-24/612276385_1211294884409503_6832002909597197841_n.enc?ccb=11-4&oh=01_Q5Aa4AHIOsOBcqX5S4SD79DGJcYiiUt0fhaEVgUjGzKP_uy_Jg&oe=69F1CB9B&_nc_sid=5e03e0&mms3=true,400,decode_enc,HTTPError,{"status":400;"error":"Bad Request";"response":{"message":["Error: Failed to fetch stream from https://mmg.whatsapp.net/v/t62.7117-24/612276385_1211294884409503_6832002909597197841_n.enc?ccb=11-4&oh=01_Q5Aa4AHIOsOBcqX5S4...
batch-1,cmnuo3r7a01u6og79ardmu612,DECODE_HTTP_ERROR,audio,https://mmg.whatsapp.net/v/t62.7117-24/546350873_2847516868928842_4266935379196659914_n.enc?ccb=11-4&oh=01_Q5Aa4AGMc-5Hu6uXSxbqpt7ZZk9AnqGiXPJtLqVc96VRyaoxIw&oe=69F172FD&_nc_sid=5e03e0&mms3=true,400,decode_enc,HTTPError,{"status":400;"error":"Bad Request";"response":{"message":["Error: Failed to fetch stream from https://mmg.whatsapp.net/v/t62.7117-24/546350873_2847516868928842_4266935379196659914_n.enc?ccb=11-4&oh=01_Q5Aa4AGMc-5Hu6uXSx...
batch-1,cmnuo3r7a01u7og7986pjn4p2,DECODE_HTTP_ERROR,audio,https://mmg.whatsapp.net/v/t62.7117-24/596370160_1238137171814864_254554005077479937_n.enc?ccb=11-4&oh=01_Q5Aa4AEV33RT4yDaUJo9JvcuzttRGpDF7OzJmhv1ZU04I19yZw&oe=69F14ECC&_nc_sid=5e03e0&mms3=true,400,decode_enc,HTTPError,{"status":400;"error":"Bad Request";"response":{"message":["Error: Failed to fetch stream from https://mmg.whatsapp.net/v/t62.7117-24/596370160_1238137171814864_254554005077479937_n.enc?ccb=11-4&oh=01_Q5Aa4AEV33RT4yDaUJo...
batch-1,cmnuo3r7a01u8og79yv8rpi01,DECODE_HTTP_ERROR,audio,https://mmg.whatsapp.net/v/t62.7117-24/550668855_873563309039403_487906675537565137_n.enc?ccb=11-4&oh=01_Q5Aa4AGFq3GV3Sfe0OiOpBVpZVkD-FbqqEdE4dyw8bStro7zzA&oe=69F168B8&_nc_sid=5e03e0&mms3=true,400,decode_enc,HTTPError,{"status":400;"error":"Bad Request";"response":{"message":["Error: Failed to fetch stream from https://mmg.whatsapp.net/v/t62.7117-24/550668855_873563309039403_487906675537565137_n.enc?ccb=11-4&oh=01_Q5Aa4AGFq3GV3Sfe0OiO...
batch-1,cmnuo3r7a01u9og7928utmsor,DECODE_HTTP_ERROR,audio,https://mmg.whatsapp.net/v/t62.7117-24/550462795_1605169670757974_1771915782806896771_n.enc?ccb=11-4&oh=01_Q5Aa4AFW9XM_jtZMONNq7hge7M7S9faQfE0GSiqlKg7MrMOA5Q&oe=69F13B14&_nc_sid=5e03e0&mms3=true,400,decode_enc,HTTPError,{"status":400;"error":"Bad Request";"response":{"message":["Error: Failed to fetch stream from https://mmg.whatsapp.net/v/t62.7117-24/550462795_1605169670757974_1771915782806896771_n.enc?ccb=11-4&oh=01_Q5Aa4AFW9XM_jtZMON...
batch-1,cmnuo3r7a01uaog79v6aud2gw,DECODE_HTTP_ERROR,audio,https://mmg.whatsapp.net/v/t62.7117-24/548829698_4575609462676770_6028823088839003263_n.enc?ccb=11-4&oh=01_Q5Aa4AEHr-4hSrOXP4SSamFShe-6so7ZYUbk7DBzV29o9UYSlA&oe=69F15450&_nc_sid=5e03e0&mms3=true,400,decode_enc,HTTPError,{"status":400;"error":"Bad Request";"response":{"message":["Error: Failed to fetch stream from https://mmg.whatsapp.net/v/t62.7117-24/548829698_4575609462676770_6028823088839003263_n.enc?ccb=11-4&oh=01_Q5Aa4AEHr-4hSrOXP4...
batch-1,cmnuo3r7a01ubog79c2rrf2jm,DECODE_HTTP_ERROR,audio,https://mmg.whatsapp.net/v/t62.7117-24/613894984_1702328131129189_5428186322510369445_n.enc?ccb=11-4&oh=01_Q5Aa4AEKjFvI27QxdTZ9JxJFlPeycCZ0jKpAbbox6PZOVJzI8g&oe=69F16826&_nc_sid=5e03e0&mms3=true,400,decode_enc,HTTPError,{"status":400;"error":"Bad Request";"response":{"message":["Error: Failed to fetch stream from https://mmg.whatsapp.net/v/t62.7117-24/613894984_1702328131129189_5428186322510369445_n.enc?ccb=11-4&oh=01_Q5Aa4AEKjFvI27QxdT...
batch-1,cmnuo3r7a01ucog79smq0kjn4,DECODE_HTTP_ERROR,audio,https://mmg.whatsapp.net/v/t62.7117-24/544348963_1258223172956304_2088223203554361721_n.enc?ccb=11-4&oh=01_Q5Aa4AGDk24kH57unIi1b3ilGP2Ly04oqBWqJp1NgNIw2-D1AQ&oe=69F1532D&_nc_sid=5e03e0&mms3=true,400,decode_enc,HTTPError,{"status":400;"error":"Bad Request";"response":{"message":["Error: Failed to fetch stream from https://mmg.whatsapp.net/v/t62.7117-24/544348963_1258223172956304_2088223203554361721_n.enc?ccb=11-4&oh=01_Q5Aa4AGDk24kH57unI...
batch-1,cmnuo3r8n02hoog796tm8y0bs,DECODE_HTTP_ERROR,audio,https://mmg.whatsapp.net/v/t62.7117-24/542887224_1279105407524150_4453438871566345515_n.enc?ccb=11-4&oh=01_Q5Aa4AGUT7Qrf-bKCl68TgFvaqmueZPbNwSQIUGROlBpVEnZUA&oe=69F15C38&_nc_sid=5e03e0&mms3=true,400,decode_enc,HTTPError,{"status":400;"error":"Bad Request";"response":{"message":["Error: Failed to fetch stream from https://mmg.whatsapp.net/v/t62.7117-24/542887224_1279105407524150_4453438871566345515_n.enc?ccb=11-4&oh=01_Q5Aa4AGUT7Qrf-bKCl...
batch-1,cmnuo3r8502a4og79l3vzit4w,DECODE_HTTP_ERROR,audio,https://mmg.whatsapp.net/v/t62.7117-24/544811832_1431648938732870_696559725696526775_n.enc?ccb=11-4&oh=01_Q5Aa4AEjkJhCS1eFW5NfbjJicSAcioGVTAsvyfMd-YVrs1J6Yg&oe=69F1468D&_nc_sid=5e03e0&mms3=true,400,decode_enc,HTTPError,{"status":400;"error":"Bad Request";"response":{"message":["Error: Failed to fetch stream from https://mmg.whatsapp.net/v/t62.7117-24/544811832_1431648938732870_696559725696526775_n.enc?ccb=11-4&oh=01_Q5Aa4AEjkJhCS1eFW5N...
batch-1,cmnuo3r8g02f8og7945lrth2l,DECODE_HTTP_ERROR,audio,https://mmg.whatsapp.net/v/t62.7117-24/609254435_976698111455607_8327332837124547672_n.enc?ccb=11-4&oh=01_Q5Aa4AHjk_vS1QBfulqj9-zJGP5f4vQkU71upQehy-IoxrkS0w&oe=69F137F6&_nc_sid=5e03e0&mms3=true,400,decode_enc,HTTPError,{"status":400;"error":"Bad Request";"response":{"message":["Error: Failed to fetch stream from https://mmg.whatsapp.net/v/t62.7117-24/609254435_976698111455607_8327332837124547672_n.enc?ccb=11-4&oh=01_Q5Aa4AHjk_vS1QBfulq...
batch-1,cmnuo3r9n02xzog79ts2gmvwv,DECODE_HTTP_ERROR,audio,https://mmg.whatsapp.net/v/t62.7117-24/549890702_878975528521108_4927922641054471079_n.enc?ccb=11-4&oh=01_Q5Aa4AG__7bd7mKKC0SXh1-pPZtpuYobxnljC0ZKPI6jsb5yww&oe=69F10FB3&_nc_sid=5e03e0&mms3=true,400,decode_enc,HTTPError,{"status":400;"error":"Bad Request";"response":{"message":["Error: Failed to fetch stream from https://mmg.whatsapp.net/v/t62.7117-24/549890702_878975528521108_4927922641054471079_n.enc?ccb=11-4&oh=01_Q5Aa4AG__7bd7mKKC0S...
batch-1,cmnuo3r9n02y0og79uzxlw3nv,DECODE_HTTP_ERROR,audio,https://mmg.whatsapp.net/v/t62.7117-24/612768251_1472514484664402_2441808985921951109_n.enc?ccb=11-4&oh=01_Q5Aa4AH_PsshEo6gU44PVqW77vY_bMpX9tJo_T3rH0ego3kdxA&oe=69F11605&_nc_sid=5e03e0&mms3=true,400,decode_enc,HTTPError,{"status":400;"error":"Bad Request";"response":{"message":["Error: Failed to fetch stream from https://mmg.whatsapp.net/v/t62.7117-24/612768251_1472514484664402_2441808985921951109_n.enc?ccb=11-4&oh=01_Q5Aa4AH_PsshEo6gU4...
batch-1,cmnuo3r9o02y1og79j8rpnwax,DECODE_HTTP_ERROR,image,https://mmg.whatsapp.net/v/t62.7118-24/594069673_1953564498589940_3252678225534602270_n.enc?ccb=11-4&oh=01_Q5Aa4AG3e7GKiRFSN6Yzq_NTc1tCsKDo2JPxHab52J-xOZ8bUg&oe=69F0FF71&_nc_sid=5e03e0&mms3=true,400,decode_enc,HTTPError,{"status":400;"error":"Bad Request";"response":{"message":["Error: Failed to fetch stream from https://mmg.whatsapp.net/v/t62.7118-24/594069673_1953564498589940_3252678225534602270_n.enc?ccb=11-4&oh=01_Q5Aa4AG3e7GKiRFSN6...
batch-1,cmnuo3r9o02y2og7903r2y530,DECODE_HTTP_ERROR,image,https://mmg.whatsapp.net/v/t62.7118-24/612037064_1501849458040928_9168981508713629213_n.enc?ccb=11-4&oh=01_Q5Aa4AFxxWTpH_oP_ci8QPgOBH-1LHIRnA4KWPFUxUg24UXkvQ&oe=69F0F016&_nc_sid=5e03e0&mms3=true,400,decode_enc,HTTPError,{"status":400;"error":"Bad Request";"response":{"message":["Error: Failed to fetch stream from https://mmg.whatsapp.net/v/t62.7118-24/612037064_1501849458040928_9168981508713629213_n.enc?ccb=11-4&oh=01_Q5Aa4AFxxWTpH_oP_c...
batch-1,cmnuo3r7m01zwog79390nn83r,DECODE_HTTP_ERROR,audio,https://mmg.whatsapp.net/v/t62.7117-24/615145036_1247319130401818_6480176118688871209_n.enc?ccb=11-4&oh=01_Q5Aa4AH0vAVLcMaoHgdcxo7SxY9e3O9C_ML9r7YKWYFbD85O_w&oe=69F0F8C5&_nc_sid=5e03e0&mms3=true,400,decode_enc,HTTPError,{"status":400;"error":"Bad Request";"response":{"message":["Error: Failed to fetch stream from https://mmg.whatsapp.net/v/t62.7117-24/615145036_1247319130401818_6480176118688871209_n.enc?ccb=11-4&oh=01_Q5Aa4AH0vAVLcMaoHg...
batch-1,cmnuo3r7a01udog79853o28ij,DECODE_HTTP_ERROR,audio,https://mmg.whatsapp.net/v/t62.7117-24/548128419_1450845689825544_9169132878311882624_n.enc?ccb=11-4&oh=01_Q5Aa4AEO7GpLHXBUShfHLahQqvKM8F0uWJGVZs7bKp0zSYZ2OA&oe=69F0F67F&_nc_sid=5e03e0&mms3=true,400,decode_enc,HTTPError,{"status":400;"error":"Bad Request";"response":{"message":["Error: Failed to fetch stream from https://mmg.whatsapp.net/v/t62.7117-24/548128419_1450845689825544_9169132878311882624_n.enc?ccb=11-4&oh=01_Q5Aa4AEO7GpLHXBUSh...
batch-1,cmnuo3r9i02uuog79g6g4ycwq,DECODE_HTTP_ERROR,audio,https://mmg.whatsapp.net/v/t62.7117-24/597126443_1749879935976925_1656334421961787535_n.enc?ccb=11-4&oh=01_Q5Aa4AGKlb04fcEMaa7g_XcVxGOo4BtR_TZeF799T08DizoAPQ&oe=69F0D2F9&_nc_sid=5e03e0&mms3=true,400,decode_enc,HTTPError,{"status":400;"error":"Bad Request";"response":{"message":["Error: Failed to fetch stream from https://mmg.whatsapp.net/v/t62.7117-24/597126443_1749879935976925_1656334421961787535_n.enc?ccb=11-4&oh=01_Q5Aa4AGKlb04fcEMaa...
batch-1,cmnuo3r9i02uvog79yfmkbtnx,DECODE_HTTP_ERROR,audio,https://mmg.whatsapp.net/v/t62.7117-24/549186659_2442562682874601_7076071957542768223_n.enc?ccb=11-4&oh=01_Q5Aa4AGR9msQpvuWdOIhsz9zEuzOyEPQ0zBXYaSqHO8yYQlI3w&oe=69F1034A&_nc_sid=5e03e0&mms3=true,400,decode_enc,HTTPError,{"status":400;"error":"Bad Request";"response":{"message":["Error: Failed to fetch stream from https://mmg.whatsapp.net/v/t62.7117-24/549186659_2442562682874601_7076071957542768223_n.enc?ccb=11-4&oh=01_Q5Aa4AGR9msQpvuWdO...
batch-1,cmnuo3r9i02uwog799kizdgdt,DECODE_HTTP_ERROR,audio,https://mmg.whatsapp.net/v/t62.7117-24/614637511_1458158535965466_3956129847068375985_n.enc?ccb=11-4&oh=01_Q5Aa4AGxDmiXCqWLru7pmxZMRouCF65NCb2sdcOXjE5KGzriDw&oe=69F107A2&_nc_sid=5e03e0&mms3=true,400,decode_enc,HTTPError,{"status":400;"error":"Bad Request";"response":{"message":["Error: Failed to fetch stream from https://mmg.whatsapp.net/v/t62.7117-24/614637511_1458158535965466_3956129847068375985_n.enc?ccb=11-4&oh=01_Q5Aa4AGxDmiXCqWLru...
batch-1,cmnuo3r9i02uxog79sk6dxui7,DECODE_HTTP_ERROR,audio,https://mmg.whatsapp.net/v/t62.7117-24/610773832_942985495202127_5904783239780325146_n.enc?ccb=11-4&oh=01_Q5Aa4AHscb_tnbtu90zFNhDVFcrhxRnuHWlYA_fe16lD5wBpBQ&oe=69F0DA79&_nc_sid=5e03e0&mms3=true,400,decode_enc,HTTPError,{"status":400;"error":"Bad Request";"response":{"message":["Error: Failed to fetch stream from https://mmg.whatsapp.net/v/t62.7117-24/610773832_942985495202127_5904783239780325146_n.enc?ccb=11-4&oh=01_Q5Aa4AHscb_tnbtu90z...
batch-1,cmnuo3rbc0348og79eiuqdl60,DECODE_HTTP_ERROR,audio,https://mmg.whatsapp.net/v/t62.7117-24/550064723_1259679222969060_3764784267419472412_n.enc?ccb=11-4&oh=01_Q5Aa4AFgw6BnpbQNn7WYmHQETFDaba56_4BQub4QAGgue7ON9A&oe=69F223D5&_nc_sid=5e03e0&mms3=true,400,decode_enc,HTTPError,{"status":400;"error":"Bad Request";"response":{"message":["Error: Failed to fetch stream from https://mmg.whatsapp.net/v/t62.7117-24/550064723_1259679222969060_3764784267419472412_n.enc?ccb=11-4&oh=01_Q5Aa4AFgw6BnpbQNn7...
batch-1,cmnuo3rbc0349og79qrtyxig2,DECODE_HTTP_ERROR,audio,https://mmg.whatsapp.net/v/t62.7117-24/544605850_829483520202139_2657894730720359176_n.enc?ccb=11-4&oh=01_Q5Aa4AGXIf3pDYFCvkaivf-GqtRRiu_SxYIWu_VmL_HI8Szr6w&oe=69F217C6&_nc_sid=5e03e0&mms3=true,400,decode_enc,HTTPError,{"status":400;"error":"Bad Request";"response":{"message":["Error: Failed to fetch stream from https://mmg.whatsapp.net/v/t62.7117-24/544605850_829483520202139_2657894730720359176_n.enc?ccb=11-4&oh=01_Q5Aa4AGXIf3pDYFCvka...
batch-1,cmnuo3rbc034fog798edvas1o,DECODE_HTTP_ERROR,audio,https://mmg.whatsapp.net/v/t62.7117-24/546475724_825938760594443_4387064247784173830_n.enc?ccb=11-4&oh=01_Q5Aa4AGOejEDkcu9_mDC498AAQPJzL4-v7Mny17Uo6ySzd80nQ&oe=69F22357&_nc_sid=5e03e0&mms3=true,400,decode_enc,HTTPError,{"status":400;"error":"Bad Request";"response":{"message":["Error: Failed to fetch stream from https://mmg.whatsapp.net/v/t62.7117-24/546475724_825938760594443_4387064247784173830_n.enc?ccb=11-4&oh=01_Q5Aa4AGOejEDkcu9_mD...
batch-1,cmnuo3rbc034aog79ds34jg37,DECODE_HTTP_ERROR,audio,https://mmg.whatsapp.net/v/t62.7117-24/613372965_1090416796623236_4150572950169833131_n.enc?ccb=11-4&oh=01_Q5Aa4AGHt0m98rZcczoRwkWDh01nA2k47hQheC5PAkjBm75OLQ&oe=69F20A97&_nc_sid=5e03e0&mms3=true,400,decode_enc,HTTPError,{"status":400;"error":"Bad Request";"response":{"message":["Error: Failed to fetch stream from https://mmg.whatsapp.net/v/t62.7117-24/613372965_1090416796623236_4150572950169833131_n.enc?ccb=11-4&oh=01_Q5Aa4AGHt0m98rZccz...
batch-1,cmnuo3rbd034oog791wbdlncx,DECODE_HTTP_ERROR,audio,https://mmg.whatsapp.net/v/t62.7117-24/614737642_936831278756341_4074590287467802457_n.enc?ccb=11-4&oh=01_Q5Aa4AFj06C5utZnuOnGQ2jSrp6n8XmNgVSMWZmc6OiTvomkUQ&oe=69F2245A&_nc_sid=5e03e0&mms3=true,400,decode_enc,HTTPError,{"status":400;"error":"Bad Request";"response":{"message":["Error: Failed to fetch stream from https://mmg.whatsapp.net/v/t62.7117-24/614737642_936831278756341_4074590287467802457_n.enc?ccb=11-4&oh=01_Q5Aa4AFj06C5utZnuOn...
batch-1,cmnuo3r9802qcog79s305rj87,DECODE_HTTP_ERROR,audio,https://mmg.whatsapp.net/v/t62.7117-24/550088136_1632090647707859_5968573016497145852_n.enc?ccb=11-4&oh=01_Q5Aa4AG_5lqEWnziZdk8IOS7jgPza4kI5b8GCdCYZ5l9BxtSxA&oe=69F20040&_nc_sid=5e03e0&mms3=true,400,decode_enc,HTTPError,{"status":400;"error":"Bad Request";"response":{"message":["Error: Failed to fetch stream from https://mmg.whatsapp.net/v/t62.7117-24/550088136_1632090647707859_5968573016497145852_n.enc?ccb=11-4&oh=01_Q5Aa4AG_5lqEWnziZd...
batch-1,cmnuo3rbc034gog798nbgjyry,DECODE_HTTP_ERROR,audio,https://mmg.whatsapp.net/v/t62.7117-24/594440801_1692014181807442_4128240035384628292_n.enc?ccb=11-4&oh=01_Q5Aa4AEzlSNlUC1abJg3zKP_bo0ztyD_ZSbzc-sGVvKl7O6ctg&oe=69F208C9&_nc_sid=5e03e0&mms3=true,400,decode_enc,HTTPError,{"status":400;"error":"Bad Request";"response":{"message":["Error: Failed to fetch stream from https://mmg.whatsapp.net/v/t62.7117-24/594440801_1692014181807442_4128240035384628292_n.enc?ccb=11-4&oh=01_Q5Aa4AEzlSNlUC1abJ...
batch-1,cmnuo3rbc034hog79cfpc6ofm,DECODE_HTTP_ERROR,audio,https://mmg.whatsapp.net/v/t62.7117-24/545076709_5271498533075891_3926182345277600525_n.enc?ccb=11-4&oh=01_Q5Aa4AEl3eUhxCyYXMYrrOuG6cXWv8rpoyhXxS_1Lnwrp_MQ9g&oe=69F21845&_nc_sid=5e03e0&mms3=true,400,decode_enc,HTTPError,{"status":400;"error":"Bad Request";"response":{"message":["Error: Failed to fetch stream from https://mmg.whatsapp.net/v/t62.7117-24/545076709_5271498533075891_3926182345277600525_n.enc?ccb=11-4&oh=01_Q5Aa4AEl3eUhxCyYXM...
batch-1,cmnuo3rbd034iog79i9ksanq5,DECODE_HTTP_ERROR,audio,https://mmg.whatsapp.net/v/t62.7117-24/544084354_1258298413114107_2329391999346058994_n.enc?ccb=11-4&oh=01_Q5Aa4AFzak5-u-HZT05aj89rvdjlPUPpz_z4iOklf5TwLzggig&oe=69F225E2&_nc_sid=5e03e0&mms3=true,400,decode_enc,HTTPError,{"status":400;"error":"Bad Request";"response":{"message":["Error: Failed to fetch stream from https://mmg.whatsapp.net/v/t62.7117-24/544084354_1258298413114107_2329391999346058994_n.enc?ccb=11-4&oh=01_Q5Aa4AFzak5-u-HZT0...
batch-1,cmnuo3rbd034jog79sukv048u,DECODE_HTTP_ERROR,audio,https://mmg.whatsapp.net/v/t62.7117-24/614652779_1372955508185342_5908110860610734545_n.enc?ccb=11-4&oh=01_Q5Aa4AErvETyUdIw7obBIH1xHWZl57NQliKrf6F_yXLfX0mNvg&oe=69F1FB0C&_nc_sid=5e03e0&mms3=true,400,decode_enc,HTTPError,{"status":400;"error":"Bad Request";"response":{"message":["Error: Failed to fetch stream from https://mmg.whatsapp.net/v/t62.7117-24/614652779_1372955508185342_5908110860610734545_n.enc?ccb=11-4&oh=01_Q5Aa4AErvETyUdIw7o...
batch-1,cmnuo3rbd034kog790jlervgl,DECODE_HTTP_ERROR,audio,https://mmg.whatsapp.net/v/t62.7117-24/596628985_1716542272670307_4858351648328198956_n.enc?ccb=11-4&oh=01_Q5Aa4AFPk1FntzA5ABU2HuPyjCyxjqzXGnwhk0tXjUomLQh03Q&oe=69F1F301&_nc_sid=5e03e0&mms3=true,400,decode_enc,HTTPError,{"status":400;"error":"Bad Request";"response":{"message":["Error: Failed to fetch stream from https://mmg.whatsapp.net/v/t62.7117-24/596628985_1716542272670307_4858351648328198956_n.enc?ccb=11-4&oh=01_Q5Aa4AFPk1FntzA5AB...
batch-1,cmnuo3rbd034log79e4tiw1gh,DECODE_HTTP_ERROR,audio,https://mmg.whatsapp.net/v/t62.7117-24/545418125_931872663225191_6100617451913204991_n.enc?ccb=11-4&oh=01_Q5Aa4AEKPpvI7ttfMLz6Uopw62iDAWUDPk_6ezyXrzdPvejXLw&oe=69F20F4D&_nc_sid=5e03e0&mms3=true,400,decode_enc,HTTPError,{"status":400;"error":"Bad Request";"response":{"message":["Error: Failed to fetch stream from https://mmg.whatsapp.net/v/t62.7117-24/545418125_931872663225191_6100617451913204991_n.enc?ccb=11-4&oh=01_Q5Aa4AEKPpvI7ttfMLz...
batch-1,cmnuo3rbc034bog79ct7bx5pu,DECODE_HTTP_ERROR,audio,https://mmg.whatsapp.net/v/t62.7117-24/584909881_1516070836763391_6494922373649637411_n.enc?ccb=11-4&oh=01_Q5Aa4AE-Y7XvkIUAtH3TtKaezOviO4LjMVBA0lK6eKtXHtUoCw&oe=69F20399&_nc_sid=5e03e0&mms3=true,400,decode_enc,HTTPError,{"status":400;"error":"Bad Request";"response":{"message":["Error: Failed to fetch stream from https://mmg.whatsapp.net/v/t62.7117-24/584909881_1516070836763391_6494922373649637411_n.enc?ccb=11-4&oh=01_Q5Aa4AE-Y7XvkIUAtH...
batch-1,cmnuo3rbd034pog79ynxczoei,DECODE_HTTP_ERROR,audio,https://mmg.whatsapp.net/v/t62.7117-24/550281496_1420680529273353_5678812370517449315_n.enc?ccb=11-4&oh=01_Q5Aa4AGjLcpmiu4FMBh6LAiv07oZ7kHs93butk_iFO8E1a26uA&oe=69F1F7DC&_nc_sid=5e03e0&mms3=true,400,decode_enc,HTTPError,{"status":400;"error":"Bad Request";"response":{"message":["Error: Failed to fetch stream from https://mmg.whatsapp.net/v/t62.7117-24/550281496_1420680529273353_5678812370517449315_n.enc?ccb=11-4&oh=01_Q5Aa4AGjLcpmiu4FMB...
batch-1,cmnuo3rbd034qog79nd5rpp1s,DECODE_HTTP_ERROR,audio,https://mmg.whatsapp.net/v/t62.7117-24/546299638_1271975797759412_88105304637016411_n.enc?ccb=11-4&oh=01_Q5Aa4AEyTiDxCoGd_XjF48l-B8SEfKyoeU-o-Yv6s0xLjUbHQw&oe=69F1FF0A&_nc_sid=5e03e0&mms3=true,400,decode_enc,HTTPError,{"status":400;"error":"Bad Request";"response":{"message":["Error: Failed to fetch stream from https://mmg.whatsapp.net/v/t62.7117-24/546299638_1271975797759412_88105304637016411_n.enc?ccb=11-4&oh=01_Q5Aa4AEyTiDxCoGd_XjF...
batch-1,cmnuo3r7a01u5og79q89yd2z1,DECODE_HTTP_ERROR,audio,https://mmg.whatsapp.net/v/t62.7117-24/596593587_2035396000745649_3100823200107477855_n.enc?ccb=11-4&oh=01_Q5Aa4AHue4J_iIwt9SPoEVH3Jf0VhsNaKs5zBT9rQRCcdBIImA&oe=69F21801&_nc_sid=5e03e0&mms3=true,400,decode_enc,HTTPError,{"status":400;"error":"Bad Request";"response":{"message":["Error: Failed to fetch stream from https://mmg.whatsapp.net/v/t62.7117-24/596593587_2035396000745649_3100823200107477855_n.enc?ccb=11-4&oh=01_Q5Aa4AHue4J_iIwt9S...
batch-1,cmnuo3r84029yog798su6bkrx,DECODE_HTTP_ERROR,audio,https://mmg.whatsapp.net/v/t62.7117-24/614736858_1322941262980377_6214164718726146180_n.enc?ccb=11-4&oh=01_Q5Aa4AFpbxtk9NIalyCP2oIpwjKQoShspkBqDoaDE9l71hQqzQ&oe=69F2113C&_nc_sid=5e03e0&mms3=true,400,decode_enc,HTTPError,{"status":400;"error":"Bad Request";"response":{"message":["Error: Failed to fetch stream from https://mmg.whatsapp.net/v/t62.7117-24/614736858_1322941262980377_6214164718726146180_n.enc?ccb=11-4&oh=01_Q5Aa4AFpbxtk9NIaly...
batch-1,cmnuo3r84029zog794ij6dvx1,DECODE_HTTP_ERROR,audio,https://mmg.whatsapp.net/v/t62.7117-24/612835838_2003556037250455_7825939477817096384_n.enc?ccb=11-4&oh=01_Q5Aa4AF76vK7Nb1gVq-xdOU2d-ob5M7yXRAuLbW--lp5FTFL7g&oe=69F2192B&_nc_sid=5e03e0&mms3=true,400,decode_enc,HTTPError,{"status":400;"error":"Bad Request";"response":{"message":["Error: Failed to fetch stream from https://mmg.whatsapp.net/v/t62.7117-24/612835838_2003556037250455_7825939477817096384_n.enc?ccb=11-4&oh=01_Q5Aa4AF76vK7Nb1gVq...
batch-1,cmnuo3r8402a0og798qunljto,DECODE_HTTP_ERROR,audio,https://mmg.whatsapp.net/v/t62.7117-24/613995885_874692935596846_238036848550583278_n.enc?ccb=11-4&oh=01_Q5Aa4AF53GOeqbIDEGYTLqfZumNEK7jf_kICG96jptg6D9WVCQ&oe=69F21F94&_nc_sid=5e03e0&mms3=true,400,decode_enc,HTTPError,{"status":400;"error":"Bad Request";"response":{"message":["Error: Failed to fetch stream from https://mmg.whatsapp.net/v/t62.7117-24/613995885_874692935596846_238036848550583278_n.enc?ccb=11-4&oh=01_Q5Aa4AF53GOeqbIDEGYT...
batch-1,cmnuo3r7401rdog79chg29f6u,DECODE_HTTP_ERROR,image,https://mmg.whatsapp.net/v/t62.7118-24/605898072_1016840881517826_2925726801568679399_n.enc?ccb=11-4&oh=01_Q5Aa4AEEwfI5EfqfQXjXlLngoYmkFp0QPgsJM0IYzuwrGquSUQ&oe=69F20827&_nc_sid=5e03e0&mms3=true,400,decode_enc,HTTPError,{"status":400;"error":"Bad Request";"response":{"message":["Error: Failed to fetch stream from https://mmg.whatsapp.net/v/t62.7118-24/605898072_1016840881517826_2925726801568679399_n.enc?ccb=11-4&oh=01_Q5Aa4AEEwfI5EfqfQX...
batch-1,cmnuo3r7401rfog79p1g7esn5,DECODE_HTTP_ERROR,image,https://mmg.whatsapp.net/v/t62.7118-24/545518193_1923224661673613_6006659212753070071_n.enc?ccb=11-4&oh=01_Q5Aa4AFKxiNJ6isYzenDn3jM9D2Q-gwShbyF7iMi6NzQDqT-Lg&oe=69F2083B&_nc_sid=5e03e0&mms3=true,400,decode_enc,HTTPError,{"status":400;"error":"Bad Request";"response":{"message":["Error: Failed to fetch stream from https://mmg.whatsapp.net/v/t62.7118-24/545518193_1923224661673613_6006659212753070071_n.enc?ccb=11-4&oh=01_Q5Aa4AFKxiNJ6isYze...
batch-1,cmnuo3r7901ttog79lldehyjf,DECODE_HTTP_ERROR,audio,https://mmg.whatsapp.net/v/t62.7114-24/548816174_3035381766662864_7200431546402255835_n.enc?ccb=11-4&oh=01_Q5Aa4AEIjM1s6CZgRwTEomJGM5rCQjsd0OlApjbsbNxAUnnILA&oe=69F1F819&_nc_sid=5e03e0&mms3=true,400,decode_enc,HTTPError,{"status":400;"error":"Bad Request";"response":{"message":["Error: Failed to fetch stream from https://mmg.whatsapp.net/v/t62.7114-24/548816174_3035381766662864_7200431546402255835_n.enc?ccb=11-4&oh=01_Q5Aa4AEIjM1s6CZgRw...
batch-1,cmnuo3r8502a1og79syvb8sje,DECODE_HTTP_ERROR,image,https://mmg.whatsapp.net/v/t62.7118-24/543098981_26442097558719686_8045709845933228978_n.enc?ccb=11-4&oh=01_Q5Aa4AE7kBP2T9rHkkzcyeRxkbJT3Gn45pMEQvbRr7DefIGWYg&oe=69F212D8&_nc_sid=5e03e0&mms3=true,400,decode_enc,HTTPError,{"status":400;"error":"Bad Request";"response":{"message":["Error: Failed to fetch stream from https://mmg.whatsapp.net/v/t62.7118-24/543098981_26442097558719686_8045709845933228978_n.enc?ccb=11-4&oh=01_Q5Aa4AE7kBP2T9rHk...
batch-1,cmnuo3r8502a2og79k0xf343r,DECODE_HTTP_ERROR,image,https://mmg.whatsapp.net/v/t62.7118-24/549579490_935810612651863_7066781767028485470_n.enc?ccb=11-4&oh=01_Q5Aa4AGpkfwOwjF0WA8yJTishRXeb3NNpA2USmp-y3O_U_QKsw&oe=69F1FBC7&_nc_sid=5e03e0&mms3=true,400,decode_enc,HTTPError,{"status":400;"error":"Bad Request";"response":{"message":["Error: Failed to fetch stream from https://mmg.whatsapp.net/v/t62.7118-24/549579490_935810612651863_7066781767028485470_n.enc?ccb=11-4&oh=01_Q5Aa4AGpkfwOwjF0WA8...
batch-1,cmnuo3r7m01zvog79zqq2mwre,DECODE_HTTP_ERROR,audio,https://mmg.whatsapp.net/v/t62.7117-24/584974740_849473170885737_1977639518883246123_n.enc?ccb=11-4&oh=01_Q5Aa4AGE89AZjSQj_W1F_hYi-s7ju_4xiIObt_8WFvLiFjPUeQ&oe=69F1E8CC&_nc_sid=5e03e0&mms3=true,400,decode_enc,HTTPError,{"status":400;"error":"Bad Request";"response":{"message":["Error: Failed to fetch stream from https://mmg.whatsapp.net/v/t62.7117-24/584974740_849473170885737_1977639518883246123_n.enc?ccb=11-4&oh=01_Q5Aa4AGE89AZjSQj_W1...
batch-1,cmnuo3r9c02s1og796fo15nvl,DECODE_HTTP_ERROR,image,https://mmg.whatsapp.net/v/t62.7118-24/614143983_1137393561813723_8096095980280998770_n.enc?ccb=11-4&oh=01_Q5Aa4AHhuijGRpWHK2VdqsAPpEM8mC7l_PnvXNlBQCOVkAbNRA&oe=69F1F065&_nc_sid=5e03e0&mms3=true,400,decode_enc,HTTPError,{"status":400;"error":"Bad Request";"response":{"message":["Error: Failed to fetch stream from https://mmg.whatsapp.net/v/t62.7118-24/614143983_1137393561813723_8096095980280998770_n.enc?ccb=11-4&oh=01_Q5Aa4AHhuijGRpWHK2...
batch-1,cmnuo3r9o02yfog793x8wkhzj,DECODE_HTTP_ERROR,audio,https://mmg.whatsapp.net/v/t62.7117-24/612011367_4460919120820301_1821439429019330390_n.enc?ccb=11-4&oh=01_Q5Aa4AHcCLusJs2T2pFrDuBetvTCCCHT9fzULG8aVWNxIWURrQ&oe=69F1C2C4&_nc_sid=5e03e0&mms3=true,400,decode_enc,HTTPError,{"status":400;"error":"Bad Request";"response":{"message":["Error: Failed to fetch stream from https://mmg.whatsapp.net/v/t62.7117-24/612011367_4460919120820301_1821439429019330390_n.enc?ccb=11-4&oh=01_Q5Aa4AHcCLusJs2T2p...
batch-1,cmnuo3r7u0241og797n0f04lx,DECODE_HTTP_ERROR,audio,https://mmg.whatsapp.net/v/t62.7117-24/612276385_1211294884409503_6832002909597197841_n.enc?ccb=11-4&oh=01_Q5Aa4AHIOsOBcqX5S4SD79DGJcYiiUt0fhaEVgUjGzKP_uy_Jg&oe=69F1CB9B&_nc_sid=5e03e0&mms3=true,400,decode_enc,HTTPError,{"status":400;"error":"Bad Request";"response":{"message":["Error: Failed to fetch stream from https://mmg.whatsapp.net/v/t62.7117-24/612276385_1211294884409503_6832002909597197841_n.enc?ccb=11-4&oh=01_Q5Aa4AHIOsOBcqX5S4...
batch-1,cmnuo3r7a01u6og79ardmu612,DECODE_HTTP_ERROR,audio,https://mmg.whatsapp.net/v/t62.7117-24/546350873_2847516868928842_4266935379196659914_n.enc?ccb=11-4&oh=01_Q5Aa4AGMc-5Hu6uXSxbqpt7ZZk9AnqGiXPJtLqVc96VRyaoxIw&oe=69F172FD&_nc_sid=5e03e0&mms3=true,400,decode_enc,HTTPError,{"status":400;"error":"Bad Request";"response":{"message":["Error: Failed to fetch stream from https://mmg.whatsapp.net/v/t62.7117-24/546350873_2847516868928842_4266935379196659914_n.enc?ccb=11-4&oh=01_Q5Aa4AGMc-5Hu6uXSx...
batch-1,cmnuo3r7a01u7og7986pjn4p2,DECODE_HTTP_ERROR,audio,https://mmg.whatsapp.net/v/t62.7117-24/596370160_1238137171814864_254554005077479937_n.enc?ccb=11-4&oh=01_Q5Aa4AEV33RT4yDaUJo9JvcuzttRGpDF7OzJmhv1ZU04I19yZw&oe=69F14ECC&_nc_sid=5e03e0&mms3=true,400,decode_enc,HTTPError,{"status":400;"error":"Bad Request";"response":{"message":["Error: Failed to fetch stream from https://mmg.whatsapp.net/v/t62.7117-24/596370160_1238137171814864_254554005077479937_n.enc?ccb=11-4&oh=01_Q5Aa4AEV33RT4yDaUJo...
batch-1,cmnuo3r7a01u8og79yv8rpi01,DECODE_HTTP_ERROR,audio,https://mmg.whatsapp.net/v/t62.7117-24/550668855_873563309039403_487906675537565137_n.enc?ccb=11-4&oh=01_Q5Aa4AGFq3GV3Sfe0OiOpBVpZVkD-FbqqEdE4dyw8bStro7zzA&oe=69F168B8&_nc_sid=5e03e0&mms3=true,400,decode_enc,HTTPError,{"status":400;"error":"Bad Request";"response":{"message":["Error: Failed to fetch stream from https://mmg.whatsapp.net/v/t62.7117-24/550668855_873563309039403_487906675537565137_n.enc?ccb=11-4&oh=01_Q5Aa4AGFq3GV3Sfe0OiO...
batch-1,cmnuo3r7a01u9og7928utmsor,DECODE_HTTP_ERROR,audio,https://mmg.whatsapp.net/v/t62.7117-24/550462795_1605169670757974_1771915782806896771_n.enc?ccb=11-4&oh=01_Q5Aa4AFW9XM_jtZMONNq7hge7M7S9faQfE0GSiqlKg7MrMOA5Q&oe=69F13B14&_nc_sid=5e03e0&mms3=true,400,decode_enc,HTTPError,{"status":400;"error":"Bad Request";"response":{"message":["Error: Failed to fetch stream from https://mmg.whatsapp.net/v/t62.7117-24/550462795_1605169670757974_1771915782806896771_n.enc?ccb=11-4&oh=01_Q5Aa4AFW9XM_jtZMON...
batch-1,cmnuo3r7a01uaog79v6aud2gw,DECODE_HTTP_ERROR,audio,https://mmg.whatsapp.net/v/t62.7117-24/548829698_4575609462676770_6028823088839003263_n.enc?ccb=11-4&oh=01_Q5Aa4AEHr-4hSrOXP4SSamFShe-6so7ZYUbk7DBzV29o9UYSlA&oe=69F15450&_nc_sid=5e03e0&mms3=true,400,decode_enc,HTTPError,{"status":400;"error":"Bad Request";"response":{"message":["Error: Failed to fetch stream from https://mmg.whatsapp.net/v/t62.7117-24/548829698_4575609462676770_6028823088839003263_n.enc?ccb=11-4&oh=01_Q5Aa4AEHr-4hSrOXP4...
batch-1,cmnuo3r7a01ubog79c2rrf2jm,DECODE_HTTP_ERROR,audio,https://mmg.whatsapp.net/v/t62.7117-24/613894984_1702328131129189_5428186322510369445_n.enc?ccb=11-4&oh=01_Q5Aa4AEKjFvI27QxdTZ9JxJFlPeycCZ0jKpAbbox6PZOVJzI8g&oe=69F16826&_nc_sid=5e03e0&mms3=true,400,decode_enc,HTTPError,{"status":400;"error":"Bad Request";"response":{"message":["Error: Failed to fetch stream from https://mmg.whatsapp.net/v/t62.7117-24/613894984_1702328131129189_5428186322510369445_n.enc?ccb=11-4&oh=01_Q5Aa4AEKjFvI27QxdT...
batch-1,cmnuo3r7a01ucog79smq0kjn4,DECODE_HTTP_ERROR,audio,https://mmg.whatsapp.net/v/t62.7117-24/544348963_1258223172956304_2088223203554361721_n.enc?ccb=11-4&oh=01_Q5Aa4AGDk24kH57unIi1b3ilGP2Ly04oqBWqJp1NgNIw2-D1AQ&oe=69F1532D&_nc_sid=5e03e0&mms3=true,400,decode_enc,HTTPError,{"status":400;"error":"Bad Request";"response":{"message":["Error: Failed to fetch stream from https://mmg.whatsapp.net/v/t62.7117-24/544348963_1258223172956304_2088223203554361721_n.enc?ccb=11-4&oh=01_Q5Aa4AGDk24kH57unI...
batch-1,cmnuo3r8n02hoog796tm8y0bs,DECODE_HTTP_ERROR,audio,https://mmg.whatsapp.net/v/t62.7117-24/542887224_1279105407524150_4453438871566345515_n.enc?ccb=11-4&oh=01_Q5Aa4AGUT7Qrf-bKCl68TgFvaqmueZPbNwSQIUGROlBpVEnZUA&oe=69F15C38&_nc_sid=5e03e0&mms3=true,400,decode_enc,HTTPError,{"status":400;"error":"Bad Request";"response":{"message":["Error: Failed to fetch stream from https://mmg.whatsapp.net/v/t62.7117-24/542887224_1279105407524150_4453438871566345515_n.enc?ccb=11-4&oh=01_Q5Aa4AGUT7Qrf-bKCl...
batch-1,cmnuo3r8502a4og79l3vzit4w,DECODE_HTTP_ERROR,audio,https://mmg.whatsapp.net/v/t62.7117-24/544811832_1431648938732870_696559725696526775_n.enc?ccb=11-4&oh=01_Q5Aa4AEjkJhCS1eFW5NfbjJicSAcioGVTAsvyfMd-YVrs1J6Yg&oe=69F1468D&_nc_sid=5e03e0&mms3=true,400,decode_enc,HTTPError,{"status":400;"error":"Bad Request";"response":{"message":["Error: Failed to fetch stream from https://mmg.whatsapp.net/v/t62.7117-24/544811832_1431648938732870_696559725696526775_n.enc?ccb=11-4&oh=01_Q5Aa4AEjkJhCS1eFW5N...
batch-1,cmnuo3r8g02f8og7945lrth2l,DECODE_HTTP_ERROR,audio,https://mmg.whatsapp.net/v/t62.7117-24/609254435_976698111455607_8327332837124547672_n.enc?ccb=11-4&oh=01_Q5Aa4AHjk_vS1QBfulqj9-zJGP5f4vQkU71upQehy-IoxrkS0w&oe=69F137F6&_nc_sid=5e03e0&mms3=true,400,decode_enc,HTTPError,{"status":400;"error":"Bad Request";"response":{"message":["Error: Failed to fetch stream from https://mmg.whatsapp.net/v/t62.7117-24/609254435_976698111455607_8327332837124547672_n.enc?ccb=11-4&oh=01_Q5Aa4AHjk_vS1QBfulq...
batch-1,cmnuo3r9n02xzog79ts2gmvwv,DECODE_HTTP_ERROR,audio,https://mmg.whatsapp.net/v/t62.7117-24/549890702_878975528521108_4927922641054471079_n.enc?ccb=11-4&oh=01_Q5Aa4AG__7bd7mKKC0SXh1-pPZtpuYobxnljC0ZKPI6jsb5yww&oe=69F10FB3&_nc_sid=5e03e0&mms3=true,400,decode_enc,HTTPError,{"status":400;"error":"Bad Request";"response":{"message":["Error: Failed to fetch stream from https://mmg.whatsapp.net/v/t62.7117-24/549890702_878975528521108_4927922641054471079_n.enc?ccb=11-4&oh=01_Q5Aa4AG__7bd7mKKC0S...
batch-1,cmnuo3r9n02y0og79uzxlw3nv,DECODE_HTTP_ERROR,audio,https://mmg.whatsapp.net/v/t62.7117-24/612768251_1472514484664402_2441808985921951109_n.enc?ccb=11-4&oh=01_Q5Aa4AH_PsshEo6gU44PVqW77vY_bMpX9tJo_T3rH0ego3kdxA&oe=69F11605&_nc_sid=5e03e0&mms3=true,400,decode_enc,HTTPError,{"status":400;"error":"Bad Request";"response":{"message":["Error: Failed to fetch stream from https://mmg.whatsapp.net/v/t62.7117-24/612768251_1472514484664402_2441808985921951109_n.enc?ccb=11-4&oh=01_Q5Aa4AH_PsshEo6gU4...
batch-1,cmnuo3r9o02y1og79j8rpnwax,DECODE_HTTP_ERROR,image,https://mmg.whatsapp.net/v/t62.7118-24/594069673_1953564498589940_3252678225534602270_n.enc?ccb=11-4&oh=01_Q5Aa4AG3e7GKiRFSN6Yzq_NTc1tCsKDo2JPxHab52J-xOZ8bUg&oe=69F0FF71&_nc_sid=5e03e0&mms3=true,400,decode_enc,HTTPError,{"status":400;"error":"Bad Request";"response":{"message":["Error: Failed to fetch stream from https://mmg.whatsapp.net/v/t62.7118-24/594069673_1953564498589940_3252678225534602270_n.enc?ccb=11-4&oh=01_Q5Aa4AG3e7GKiRFSN6...
batch-1,cmnuo3r9o02y2og7903r2y530,DECODE_HTTP_ERROR,image,https://mmg.whatsapp.net/v/t62.7118-24/612037064_1501849458040928_9168981508713629213_n.enc?ccb=11-4&oh=01_Q5Aa4AFxxWTpH_oP_ci8QPgOBH-1LHIRnA4KWPFUxUg24UXkvQ&oe=69F0F016&_nc_sid=5e03e0&mms3=true,400,decode_enc,HTTPError,{"status":400;"error":"Bad Request";"response":{"message":["Error: Failed to fetch stream from https://mmg.whatsapp.net/v/t62.7118-24/612037064_1501849458040928_9168981508713629213_n.enc?ccb=11-4&oh=01_Q5Aa4AFxxWTpH_oP_c...
batch-1,cmnuo3r7m01zwog79390nn83r,DECODE_HTTP_ERROR,audio,https://mmg.whatsapp.net/v/t62.7117-24/615145036_1247319130401818_6480176118688871209_n.enc?ccb=11-4&oh=01_Q5Aa4AH0vAVLcMaoHgdcxo7SxY9e3O9C_ML9r7YKWYFbD85O_w&oe=69F0F8C5&_nc_sid=5e03e0&mms3=true,400,decode_enc,HTTPError,{"status":400;"error":"Bad Request";"response":{"message":["Error: Failed to fetch stream from https://mmg.whatsapp.net/v/t62.7117-24/615145036_1247319130401818_6480176118688871209_n.enc?ccb=11-4&oh=01_Q5Aa4AH0vAVLcMaoHg...
batch-1,cmnuo3r7a01udog79853o28ij,DECODE_HTTP_ERROR,audio,https://mmg.whatsapp.net/v/t62.7117-24/548128419_1450845689825544_9169132878311882624_n.enc?ccb=11-4&oh=01_Q5Aa4AEO7GpLHXBUShfHLahQqvKM8F0uWJGVZs7bKp0zSYZ2OA&oe=69F0F67F&_nc_sid=5e03e0&mms3=true,400,decode_enc,HTTPError,{"status":400;"error":"Bad Request";"response":{"message":["Error: Failed to fetch stream from https://mmg.whatsapp.net/v/t62.7117-24/548128419_1450845689825544_9169132878311882624_n.enc?ccb=11-4&oh=01_Q5Aa4AEO7GpLHXBUSh...
batch-1,cmnuo3r9i02uuog79g6g4ycwq,DECODE_HTTP_ERROR,audio,https://mmg.whatsapp.net/v/t62.7117-24/597126443_1749879935976925_1656334421961787535_n.enc?ccb=11-4&oh=01_Q5Aa4AGKlb04fcEMaa7g_XcVxGOo4BtR_TZeF799T08DizoAPQ&oe=69F0D2F9&_nc_sid=5e03e0&mms3=true,400,decode_enc,HTTPError,{"status":400;"error":"Bad Request";"response":{"message":["Error: Failed to fetch stream from https://mmg.whatsapp.net/v/t62.7117-24/597126443_1749879935976925_1656334421961787535_n.enc?ccb=11-4&oh=01_Q5Aa4AGKlb04fcEMaa...
batch-1,cmnuo3r9i02uvog79yfmkbtnx,DECODE_HTTP_ERROR,audio,https://mmg.whatsapp.net/v/t62.7117-24/549186659_2442562682874601_7076071957542768223_n.enc?ccb=11-4&oh=01_Q5Aa4AGR9msQpvuWdOIhsz9zEuzOyEPQ0zBXYaSqHO8yYQlI3w&oe=69F1034A&_nc_sid=5e03e0&mms3=true,400,decode_enc,HTTPError,{"status":400;"error":"Bad Request";"response":{"message":["Error: Failed to fetch stream from https://mmg.whatsapp.net/v/t62.7117-24/549186659_2442562682874601_7076071957542768223_n.enc?ccb=11-4&oh=01_Q5Aa4AGR9msQpvuWdO...
batch-1,cmnuo3r9i02uwog799kizdgdt,DECODE_HTTP_ERROR,audio,https://mmg.whatsapp.net/v/t62.7117-24/614637511_1458158535965466_3956129847068375985_n.enc?ccb=11-4&oh=01_Q5Aa4AGxDmiXCqWLru7pmxZMRouCF65NCb2sdcOXjE5KGzriDw&oe=69F107A2&_nc_sid=5e03e0&mms3=true,400,decode_enc,HTTPError,{"status":400;"error":"Bad Request";"response":{"message":["Error: Failed to fetch stream from https://mmg.whatsapp.net/v/t62.7117-24/614637511_1458158535965466_3956129847068375985_n.enc?ccb=11-4&oh=01_Q5Aa4AGxDmiXCqWLru...
batch-1,cmnuo3r9i02uxog79sk6dxui7,DECODE_HTTP_ERROR,audio,https://mmg.whatsapp.net/v/t62.7117-24/610773832_942985495202127_5904783239780325146_n.enc?ccb=11-4&oh=01_Q5Aa4AHscb_tnbtu90zFNhDVFcrhxRnuHWlYA_fe16lD5wBpBQ&oe=69F0DA79&_nc_sid=5e03e0&mms3=true,400,decode_enc,HTTPError,{"status":400;"error":"Bad Request";"response":{"message":["Error: Failed to fetch stream from https://mmg.whatsapp.net/v/t62.7117-24/610773832_942985495202127_5904783239780325146_n.enc?ccb=11-4&oh=01_Q5Aa4AHscb_tnbtu90z...
